DUB,Substrate,label,CT_MLP
P40818,P78386,0,0.7215126752853394
P45974,Q8WZ73,0,0.0607244111597538
Q9HBJ7,Q9HAW4,1,0.7502827644348145
Q9UPU5,P17096,0,0.8946119546890259
Q96FW1,P51665,0,0.011936575174331665
P40818,O15519,1,0.09266973286867142
P54578,O14920,1,0.6047881841659546
Q9Y2K6,P08588,0,0.9525343179702759
Q6GQQ9,O00308,0,0.4692908525466919
Q9UK80,Q9NQT8,0,0.9049999117851257
Q9NQC7,P55060,0,0.9705858826637268
P54578,Q86WI3,1,0.9910418391227722
Q9NQC7,Q96MT7,0,0.5074875354766846
O95630,P55085,1,0.4470716714859009
Q93008,Q9HCE7,1,0.8970531821250916
Q14694,O75643,0,0.011978613212704659
Q9NQC7,P49116,1,0.8884403109550476
Q8TEY7,Q9Y6N7,1,0.11902821809053421
Q9UHP3,Q8N4S9,1,0.9418256878852844
O75604,O14965,1,0.19642506539821625
Q93008,P49662,0,0.72747802734375
Q92560,O60516,0,0.8845961093902588
O94966,O75581,1,0.978787362575531
Q86UV5,P38159,0,0.03212491422891617
Q9Y4E8,P25054,1,0.12684865295886993
Q14694,O75385,0,0.4773123562335968
P21580,Q13546,1,0.9886310696601868
Q9UPT9,Q96EB6,1,0.9895225167274475
P54578,Q14457,1,0.7734683156013489
Q70CQ2,Q8IYW5,1,0.984413743019104
Q9NQC7,Q96AV8,0,0.3850613236427307
Q86T82,Q7L0Q8,0,0.8773872256278992
Q93008,P04637,1,0.9897448420524597
Q93009,O15151,1,0.7024103999137878
Q93009,Q15011,0,0.3278472125530243
P09936,Q9UBN7,1,0.7590779066085815
Q93008,Q12809,1,0.004396270960569382
Q93009,Q9NS91,1,0.5970672369003296
O94782,P27482,0,0.7455253005027771
Q5D1E8,Q9Y297,0,0.001622441690415144
Q93009,Q9UER7,1,0.999386191368103
Q9Y4E8,Q14494,1,0.9680929780006409
Q96FW1,Q9Y4K3,1,0.996638298034668
Q92995,Q9BUL9,0,0.8183633089065552
O75317,Q8N831,0,0.9821569323539734
Q9P2H5,Q96GD4,1,0.9727210402488708
Q13107,P62937,1,0.196172833442688
O75317,P62807,1,0.9802007675170898
Q9NQC7,Q96AX9,1,0.34679776430130005
Q9Y2K6,O75943,1,0.613803505897522
O95630,Q8WYA6,0,0.009060806594789028
Q96RU2,Q14676,0,0.04168395698070526
P62068,Q16777,1,0.8996315598487854
P51784,P48059,0,0.2334979921579361
O75604,P08253,1,0.47088536620140076
Q93009,Q9Y253,1,0.17873695492744446
Q9UPT9,P0C0S8,1,0.9938876032829285
Q9Y5K5,P36897,1,0.9854310750961304
O75317,Q00987,1,0.9912612438201904
Q14694,Q7Z2W7,0,0.06671453267335892
Q93008,P49902,0,0.04744100943207741
P15374,Q06609,1,0.9944129586219788
Q9Y4E8,Q14533,0,0.9939417839050293
Q9NQC7,Q93084,0,0.9982123374938965
Q93009,Q8NFG4,0,0.0005475265206769109
Q93009,Q13546,1,0.8564713001251221
Q9H0E7,P62191,0,0.005406940821558237
A6NNY8,P62807,1,0.9980687499046326
P09936,P13164,0,0.9926741719245911
Q93008,P12830,1,0.4864024817943573
Q9Y4E8,Q86UX7,0,0.9904691576957703
O94966,O75344,0,0.07063524425029755
Q9UPT9,O14894,0,0.9272217750549316
P54252,Q9BSU1,0,0.9704329967498779
Q86T82,O15164,0,0.05979820340871811
Q9UHP3,P05067,1,0.16561578214168549
P54578,Q9NYJ8,1,0.0627359002828598
Q96K76,Q16539,0,0.5077253580093384
Q9Y6I4,O43143,0,0.002157475333660841
Q13107,P01116,0,0.01819637045264244
Q5D1E8,Q12933,1,0.9151387810707092
P54578,Q9UBS5,1,0.9525438547134399
Q96FW1,Q8TA86,0,0.29194167256355286
Q92995,Q13309,1,0.6319410800933838
Q86UV5,Q6FI13,1,0.9919256567955017
Q93008,Q96J02,1,0.11410019546747208
Q9NQC7,P60709,0,0.8975828289985657
Q13107,O94782,0,0.1977129429578781
Q6R6M4,Q9Y256,1,0.9752442240715027
Q93009,Q14669,1,0.9430732131004333
P40818,Q96RU2,0,0.23894473910331726
P21580,P04637,1,0.9984866380691528
Q9UHP3,Q96DA0,0,0.9726973176002502
Q92560,Q9P267,0,0.004038572311401367
Q70EK9,P37275,1,0.004276979714632034
Q9BXU7,P10275,1,0.995583713054657
Q9Y4E8,P36894,1,0.494424968957901
Q9Y2K6,Q16659,1,0.8589892387390137
Q9Y5K5,Q9UMS4,1,0.633703887462616
O94966,O75935,0,0.0405876524746418
P54252,P04439,0,0.7795646786689758
Q93009,O60341,1,0.9953363537788391
P54252,P78344,1,0.9472959637641907
P54578,O14818,0,0.25561705231666565
Q93008,P50402,0,0.8070590496063232
Q9Y5T5,Q16777,1,0.9871186017990112
Q9Y6I4,Q92731,0,0.9690338373184204
Q92905,Q8N114,0,0.0017019218066707253
P40818,Q8NHX9,0,0.9999303817749023
O94966,Q9Y664,0,0.015412797220051289
Q93009,Q9H992,1,0.9844598770141602
Q93009,P38432,0,0.9990979433059692
O75604,A6NEM1,0,0.9475359916687012
P51784,P35226,1,0.8783560991287231
P54252,P35908,0,0.032455164939165115
Q70CQ1,Q02790,1,0.1326364427804947
Q96RU2,Q16665,1,0.9893236756324768
Q93009,Q8TBX8,0,0.6876657009124756
Q504Q3,Q9Y294,1,0.053974539041519165
Q93009,Q14204,0,0.07225583493709564
Q93009,Q49AN0,1,0.6392166018486023
Q9UPT9,Q4J6C6,0,0.9841760993003845
Q9NQC7,P31146,0,0.0009140339680016041
Q9BXU7,O95503,0,0.7449638843536377
P51784,P61221,0,0.0011238229926675558
Q93009,P19838,1,0.9879214763641357
Q9Y4E8,Q8WWY3,1,0.8599799275398254
O75604,Q15796,0,0.9851084351539612
P35125,P05412,1,0.6709603667259216
O75604,P36776,0,0.0033431784249842167
Q9Y4E8,O43447,0,0.6199979782104492
Q13107,O95786,1,0.989932656288147
Q5VVJ2,Q9BQA1,0,0.6957536935806274
Q13107,O75365,1,0.005567258223891258
Q13107,Q92769,1,0.9914013743400574
Q9Y4E8,Q9BYT3,0,0.04002472013235092
Q92560,O15355,0,0.1435924470424652
Q93009,P17096,0,0.07911206036806107
O75604,Q9UGI0,0,0.6174466609954834
Q9Y4E8,Q16778,1,0.9949222207069397
Q6R6M4,O95863,1,0.925623893737793
Q86T82,Q9HCK8,0,0.9912001490592957
Q13107,Q15306,1,0.03187452256679535
Q93008,O00182,0,0.41773372888565063
Q9UPT9,P02724,0,0.8289246559143066
Q9H0E7,Q16778,1,0.9929351210594177
Q70CQ2,P0CG48,0,0.007966655306518078
Q9H0E7,P31271,0,0.9993329644203186
Q93008,Q9H992,1,0.9672024846076965
P21580,P0CG47,0,0.36387529969215393
P62068,Q16778,1,0.9455501437187195
Q9HBJ7,P01112,0,0.9191848635673523
Q93009,Q8IYW5,1,0.996364414691925
Q9Y2K6,Q8N7W2,0,0.8724822402000427
Q9P275,P01106,1,0.9775592684745789
P40818,Q96JA1,1,0.9986300468444824
Q9Y5K5,Q53TQ3,0,0.06385299563407898
P40818,Q15323,0,0.21921341121196747
Q86T82,P0C0S8,1,0.9954439401626587
Q93009,Q12778,1,0.9594892263412476
Q9Y4E8,Q16656,1,0.0008602978778071702
Q13107,Q12933,1,0.7307186722755432
Q9BXU7,P42771,0,0.44721558690071106
Q14694,O60493,1,0.23748552799224854
Q92560,P25490,1,0.9992309808731079
P40818,O15554,1,0.01360925193876028
Q86UV5,P04629,0,0.9995836615562439
Q93009,O43684,1,0.6490702033042908
Q9NQC7,Q9NPH5,1,0.938481330871582
Q93008,Q07820,1,0.9574116468429565
Q92995,Q96RL1,1,0.011049204505980015
Q93009,P26358,1,0.8484887480735779
P12956,P20936,0,0.7509284615516663
Q9H9J4,P04637,1,0.9860769510269165
Q9NQC7,Q9Y4K3,1,0.9869565963745117
Q9P275,Q9Y570,1,0.07946841418743134
Q70EK9,P62807,1,0.9895365238189697
Q96G74,P13807,0,0.6800158619880676
Q93009,Q9NRC8,1,0.08291944116353989
Q13107,P29274,1,0.9913081526756287
P51784,Q9Y463,0,0.01935822144150734
O94966,Q14457,1,0.9566003084182739
Q96FW1,Q13114,1,0.9845243096351624
Q93009,O00463,0,0.9897233247756958
Q13107,P19474,1,0.03425534814596176
Q5D1E8,O43474,1,0.2722164988517761
Q93009,P46940,0,0.57315593957901
Q96G74,Q01105,0,0.9827091693878174
Q96FW1,P61088,1,0.012132291682064533
Q93008,Q13485,1,0.9959014058113098
Q13107,Q15170,0,0.006789243780076504
P21580,Q12933,1,0.9569169878959656
P54578,Q96DI7,0,0.0001788909430615604
Q5D1E8,Q9UHD2,0,0.990547239780426
Q96G74,Q13114,1,0.9841545820236206
P45974,Q86WV6,1,0.8046215176582336
P40818,P42858,0,0.999956488609314
Q93009,Q16763,0,0.13133864104747772
Q8TEY7,P07550,1,0.5989019274711609
Q93008,P42566,1,0.9897103905677795
Q9NQC7,O75762,0,0.13586293160915375
Q9Y4E8,Q7Z569,1,0.07037901133298874
Q9NQC7,O43318,1,0.9903039336204529
Q93008,Q53EZ4,1,0.6234369277954102
Q93009,P24592,0,0.9335063099861145
Q9UK80,Q13546,1,0.9968637228012085
Q93009,Q5H9L2,0,0.1577928364276886
P51784,Q14135,1,0.8629921078681946
O75604,Q12933,1,0.9807223677635193
Q14694,P42771,1,0.36927616596221924
Q93008,P49327,0,0.09629953652620316
Q93008,Q9UHD9,0,0.6709536910057068
Q70CQ1,Q9H0E7,0,0.017236024141311646
Q14694,P14136,0,0.01716560311615467
Q9Y6I4,Q96RL1,1,0.005398075561970472
Q93009,Q9Y4H2,1,0.8892772197723389
Q96K76,Q13616,0,0.0051050130277872086
Q70CQ1,Q13451,1,0.31128332018852234
P09936,Q9GZV3,1,0.9987622499465942
Q93009,Q92993,1,0.9988605976104736
Q9BXU7,O00257,0,0.9231714606285095
Q92995,P11441,1,0.07145822793245316
Q93008,Q9NRM7,1,0.22598148882389069
Q5VVJ2,P0C0S8,1,0.9954864382743835
P62068,O94782,0,0.13405343890190125
Q86T82,P02768,0,0.04938824847340584
O94966,Q92828,1,0.8808217644691467
P45974,P04637,1,0.9866448044776917
Q9UPT9,O60341,1,0.9976994395256042
O75604,Q16526,1,0.8738127946853638
O75604,P49327,1,0.08851392567157745
Q92560,P16104,1,0.9689119458198547
Q93009,P98177,1,0.9285483360290527
Q9P275,O95602,1,0.020223375409841537
P45974,O75444,1,0.5442555546760559
Q93009,Q8WUA2,0,0.0060016438364982605
Q70CQ1,P16104,0,0.9921827912330627
Q6R6M4,Q0WX57,0,0.02764882706105709
Q96FW1,Q9HAC8,0,0.08493151515722275
Q96JH7,Q92538,0,0.9944709539413452
O75604,P37088,1,0.37560078501701355
Q93008,Q8NAP3,1,0.008132951334118843
Q92560,Q96RU2,0,0.06344618648290634
Q9Y2K6,Q9HAW4,1,0.9315289258956909
Q0WX57,P01116,0,0.5033608675003052
Q9UPU5,P49407,0,0.9878476858139038
Q93009,P54253,0,0.999218225479126
Q0WX57,Q92963,0,0.17116020619869232
Q9UPT9,O75478,0,0.033587004989385605
P51784,Q9NRC8,0,0.888979434967041
Q70EL3,Q9NQ29,0,0.06705543398857117
Q14694,P43246,1,0.20059967041015625
Q9Y5T5,P10696,0,0.9127165675163269
Q93008,O43524,1,0.6208325028419495
P51784,P51587,1,0.8719439506530762
Q9NQC7,Q14669,1,0.9113947749137878
Q9Y5K5,P05161,0,0.1038612350821495
Q70CQ3,Q8IXI2,1,0.015684889629483223
Q14694,P05556,1,0.04442506656050682
A6NNY8,O75528,0,0.0029380719643086195
Q9Y4E8,P84022,1,0.922976016998291
O75604,Q9H5J4,1,0.8390571475028992
P46736,Q7Z569,0,0.44725650548934937
Q0WX57,O95760,1,0.3022207021713257
P40818,O76013,0,0.04897579550743103
Q6GQQ9,Q9UM11,0,0.032867543399333954
Q9P275,Q9H6R0,1,0.9998389482498169
P46736,O75971,0,0.06242243945598602
Q9NQC7,Q9UPN9,0,0.19263119995594025
Q9NQC7,Q9Y6K9,1,0.9067400097846985
Q93009,P55072,0,0.8656108379364014
Q93009,Q9BTE3,0,0.03555375710129738
Q93009,Q9BZR8,0,0.036804892122745514
Q9H9J4,Q9BYN8,0,0.011302771046757698
Q93009,Q14527,1,0.9134683012962341
Q5VVQ6,P17661,1,0.09749171137809753
Q9H0E7,Q13257,1,0.8622956871986389
Q92560,P0C0S8,1,0.9834058284759521
Q13107,O15530,1,0.002226666547358036
O75317,Q9UL42,0,0.005617881193757057
Q14694,Q96HY6,0,0.1851295679807663
Q9NQC7,Q9UM82,0,0.5083334445953369
O95630,P17302,1,0.23006631433963776
Q13107,Q9UK45,0,0.00024902730365283787
Q6GQQ9,P43403,1,0.5412986278533936
Q9UPT9,P14780,1,0.8428434133529663
Q93008,P46734,0,0.3067089915275574
O00487,Q96JH8,0,0.8512998819351196
Q93009,Q96T88,1,0.5647586584091187
Q6R6M4,Q9NQR1,0,0.7235469222068787
Q9Y5E6,P19838,1,0.6451513767242432
P40818,P12931,0,0.08804178982973099
Q14694,Q13813,0,0.028159987181425095
Q86T82,Q9H211,1,0.9605615735054016
P21580,Q8WXW3,0,0.001790612586773932
Q9Y4E8,P62807,1,0.95942622423172
Q96RU2,O60341,1,0.6529099345207214
P62068,O60346,1,0.9949824810028076
Q9UK80,Q9BZS1,1,0.8556312322616577
Q93008,O43474,0,0.5137805342674255
Q9Y6I4,O14757,1,0.015573060140013695
P21580,Q14790,1,0.9681164622306824
Q93009,Q13490,0,0.03578764572739601
P62068,Q9P0U4,0,0.03182290121912956
P40818,P00533,1,0.9595650434494019
O75604,Q00987,1,0.975059449672699
Q13107,O60573,0,0.001705511356703937
Q14694,Q14457,1,0.8381696343421936
Q9H0E7,Q9NPG2,0,0.8581811189651489
Q9NQC7,Q15149,0,2.6607305247949853e-09
Q9Y4E8,P62906,0,0.22716407477855682
Q6R6M4,P16104,1,0.60634845495224
Q0WX57,P0C7H9,0,0.551818311214447
Q6GQQ9,Q9Y4K3,1,0.9863724112510681
Q96RU2,P05412,1,0.3031124472618103
P21580,Q15628,0,0.033428121358156204
Q93008,P49761,0,0.9581602811813354
O00487,Q8NBP7,0,0.009587893262505531
Q9HBJ7,Q16236,0,0.4415121078491211
P40818,Q96FZ7,0,0.07309175282716751
Q6R6M4,Q9BYX4,1,0.8701676726341248
Q6GQQ9,Q13114,1,0.8803108334541321
O75604,Q03431,1,0.0891818180680275
O75604,O15151,1,0.796729326248169
Q5T2D3,P0CG48,0,0.16693973541259766
Q93008,Q86YT6,1,0.5228139758110046
Q9P275,P04179,1,0.02828868106007576
Q9Y4E8,Q00987,1,0.9979078769683838
Q14694,P46937,0,0.9861456155776978
Q6R6M4,Q92819,1,0.008979659527540207
Q9Y4E8,Q13620,0,0.002259056083858013
Q13107,Q8IZD4,0,0.016977127641439438
Q96FW1,Q8TB45,1,0.5141811370849609
Q9NQC7,Q99459,0,0.9831785559654236
O94966,Q13490,1,0.870636522769928
Q9Y4E8,O00232,0,0.6564267873764038
P21580,P28799,0,0.0003019358846358955
Q96DC9,Q13114,1,0.942095935344696
P35125,P14780,1,0.7277782559394836
Q96FW1,Q13490,1,0.4919423460960388
Q70EL2,Q8N5C6,0,0.9721354246139526
Q9UPT9,Q13469,1,0.3487698435783386
Q9UPT9,P54274,1,0.1165861189365387
Q15040,Q9UK80,0,0.7706583142280579
P40818,P62136,0,0.04062334820628166
P54252,P39019,0,0.3532211482524872
Q9Y4E8,O94776,0,0.5864406228065491
Q9BXU7,P68036,0,0.010151294991374016
O75604,Q6A162,0,1.642329698370304e-05
P40818,Q9BYB0,1,0.1495276391506195
Q9Y6I4,O75821,0,0.09761215001344681
Q13107,P30566,0,0.48441484570503235
P54578,P10275,1,0.9850705862045288
Q96RU2,P24864,1,0.13124947249889374
P40818,Q9NZQ7,0,0.4590867757797241
Q13107,Q13485,1,0.07015649229288101
P51784,P25205,0,0.0633857324719429
Q92560,P09429,0,0.03571294620633125
P54252,P04637,1,0.9948652386665344
Q9UPT9,P62807,1,0.7681804895401001
Q9Y6I4,Q16778,1,0.965642511844635
P51784,Q9BXW4,0,0.014412671327590942
Q9Y2K6,Q86WV6,1,0.8745331168174744
Q9Y5T5,P49116,0,0.9969550371170044
Q9NQC7,P08708,0,0.2083677500486374
Q8NB14,A6NHT5,0,0.8758742809295654
Q14694,O76094,0,0.7653449177742004
P51784,O43663,1,0.8818813562393188
P15374,O15315,1,0.9360547065734863
Q13107,P04637,1,0.9079763293266296
Q9NQC7,P53350,1,0.43191254138946533
Q96FW1,Q08050,1,0.993312418460846
P21580,Q99986,0,0.38144177198410034
Q9H0E7,Q16777,1,0.7626610994338989
Q70EK9,Q14739,0,0.6550337076187134
Q93009,Q9Y496,0,0.010699586942791939
Q96RU2,Q92783,0,0.9527032971382141
Q9UPT9,P09467,1,0.0089074382558465
Q96FW1,P30044,0,0.11050234735012054
Q96DC9,Q9Y4K3,1,0.9946333169937134
Q70CQ1,O95071,0,0.9234437346458435
Q9P2H5,P0CG48,0,0.33545199036598206
Q92560,P52739,0,0.98467618227005
Q9Y5T5,Q9H9S0,1,0.9949842691421509
P62068,Q9BS26,0,0.8926799297332764
Q13107,Q92819,1,0.024343732744455338
Q5VVQ6,P28340,0,0.4144003987312317
Q96DX7,P14618,0,0.9967767596244812
Q96RU2,Q15040,0,0.02386537380516529
Q6R6M4,O43623,1,0.5909484624862671
O94966,Q9H2V7,0,0.016679126769304276
Q9NQC7,Q8NHQ1,1,0.13312874734401703
Q9Y4E8,Q14525,0,0.9917171597480774
Q93009,P10275,1,0.9054121375083923
P09936,P09936,1,0.00349622406065464
Q96BN8,Q9Y6K9,1,0.9883370995521545
Q92995,P37275,0,0.23731596767902374
Q9Y4E8,P15104,0,0.8105466365814209
Q6GQQ9,P40616,0,0.04019191488623619
Q13107,Q96F86,0,0.28653913736343384
Q9UK80,Q9BZI7,0,0.0019440934993326664
Q6R6M4,P11802,0,0.015680236741900444
P21580,Q16625,1,0.876179039478302
Q70CQ2,P49703,0,0.0009705191478133202
Q9UMW8,Q9Y6K9,1,0.9950817823410034
Q96K76,P06746,1,0.1541873812675476
Q96DC9,P32246,0,0.8243201375007629
Q92560,P35998,0,0.33674106001853943
Q96FW1,O43143,0,0.5006645321846008
Q96RU2,Q969H0,1,0.6298249363899231
P54252,O14757,1,0.050852496176958084
O75604,O94941,0,0.9336076974868774
Q14694,Q99873,0,0.41271746158599854
P51784,Q92633,1,0.5522700548171997
Q5VV17,O14965,0,0.08804304152727127
P46736,P16104,1,0.8926560282707214
P51784,P37231,0,0.9048482179641724
Q9UPT9,Q16778,1,0.7645481824874878
P51784,Q96S59,1,0.32583922147750854
Q9UK80,Q9Y2K6,0,0.024715673178434372
O75317,Q8TBZ3,0,0.9469457864761353
Q70CQ3,P02747,0,0.381964772939682
Q13107,P00966,0,0.754323422908783
Q9UHP3,Q6PID8,0,0.9946832060813904
P51784,Q01831,1,0.5988117456436157
Q93008,P53992,0,0.0005046157748438418
Q96RU2,Q96LD8,0,0.047855619341135025
Q93009,Q2YD98,1,0.7941219806671143
Q70CQ1,P62807,1,0.9348025918006897
Q9P275,Q9HCU4,0,0.0014831848675385118
Q9UHP3,Q00872,0,0.2898480296134949
Q9UPT9,Q5XPI4,0,0.19186168909072876
Q14694,P20226,1,0.5492815375328064
Q0WX57,P51449,1,0.8674389123916626
P54578,O14641,1,0.8609737753868103
P40818,Q14493,0,0.10995351523160934
Q9NQC7,O95786,1,0.9928245544433594
Q86T82,P01106,1,0.9989491105079651
Q9UK80,Q9H9S0,1,0.9929696917533875
O94966,P19474,0,0.8632858395576477
P09936,Q14765,0,0.8978590965270996
Q5D1E8,Q9Y4K3,1,0.9296448230743408
Q9Y4E8,O95140,1,0.640282154083252
Q9H0E7,Q8NFH3,0,0.09304577112197876
Q9Y4E8,O76011,0,0.059140827506780624
P09936,Q16665,1,0.965199887752533
Q96RU2,P04637,1,0.6479288339614868
Q9H9J4,P62807,1,0.756592869758606
Q9NQC7,P04637,1,0.976874053478241
Q9NQC7,P05556,0,0.0011218608124181628
Q96RU2,P01106,1,0.9359952807426453
Q9Y4E8,Q92922,0,0.11727272719144821
Q8TEY7,Q13507,0,0.6402797102928162
Q504Q3,P21695,0,0.9721341729164124
P40818,P08581,1,0.7791218161582947
Q9UHP3,P43405,0,0.9762378931045532
Q9Y4E8,Q15797,1,0.9866247177124023
Q93008,P48431,1,0.9525502324104309
O94966,Q6ISU1,0,0.7165016531944275
Q6R6M4,Q9H7L9,1,0.6237378120422363
Q14694,Q8N6T7,1,0.034158866852521896
O94782,P20930,0,0.9389969110488892
O75604,O15534,1,0.31888294219970703
P51784,P25963,1,0.8949329257011414
Q92905,Q9HB07,0,0.9213629364967346
Q92905,P43354,0,0.9965271353721619
Q9Y4E8,Q14558,0,0.2710888683795929
P40818,P62253,0,0.0009009431232698262
Q5D1E8,Q13546,1,0.9561647176742554
Q96RU2,Q8TDY2,0,0.46408790349960327
P62068,P43115,0,0.24726195633411407
O94782,P12004,1,0.9968094229698181
Q93009,O43670,0,0.03347894549369812
Q96BN8,Q12981,0,0.7487730383872986
O00487,Q01860,1,0.9578819274902344
Q9NQC7,Q15257,0,0.034075409173965454
Q13107,P35222,1,0.9849411845207214
Q8TEY7,Q92813,1,0.7368180751800537
P21580,O43353,1,0.4894385039806366
Q93008,O14980,0,0.8554837703704834
P40818,P21860,1,0.9992282390594482
Q9NQC7,O94782,0,0.39011070132255554
Q93009,P08047,0,0.16990461945533752
Q13107,P28749,1,0.4789402484893799
Q9H0E7,P0C0S8,1,0.848475456237793
Q70CQ3,O95140,1,0.7364907264709473
P09936,P78317,0,0.05478055775165558
Q92995,P60484,1,0.878801703453064
Q93009,Q12888,1,0.9818049073219299
Q9UHP3,Q92611,0,0.6660357117652893
Q93008,Q9NZC7,0,0.41280397772789
P45974,Q15907,0,0.11937855929136276
O75317,P31943,0,0.005210173316299915
Q96FW1,Q16891,0,0.0005654567503370345
Q9H0E7,P35998,0,0.09637980908155441
Q5T2D3,P60484,1,0.9617961645126343
Q96G74,O95071,1,0.004093705676496029
Q93008,Q15468,0,0.8096582293510437
Q93009,Q8IZD2,0,0.9896299242973328
Q93009,Q14966,0,0.977577805519104
Q14694,Q9HBD1,0,0.9408103227615356
P54252,O15379,1,0.9942196607589722
P46736,Q14980,1,0.0002738135517574847
Q9Y2K6,Q6P1L6,0,0.020709801465272903
Q9UK80,P51587,1,0.9352903366088867
Q92560,P19388,0,0.07690156251192093
Q9Y5T5,Q86XK2,0,0.0006410026689991355
Q9UHP3,Q13114,1,0.9952549934387207
P40818,P42261,1,0.944242000579834
O75604,Q00653,0,0.0012180889025330544
Q13107,P51449,1,0.9803159832954407
Q70EL3,P30291,1,0.8748894333839417
O75604,Q13546,1,0.9919748902320862
Q9Y4E8,O15111,1,0.9581566452980042
Q96G74,O00463,1,0.6990763545036316
Q96JH7,Q9NY99,1,0.0002661279868334532
Q14694,P54646,1,0.35653623938560486
Q9UPT9,P48431,1,0.9024240970611572
P46736,O75150,0,0.007400635164231062
Q96RU2,P48039,0,0.007478626910597086
Q93008,O43602,0,0.010289276950061321
Q96RU2,A6NI15,0,0.818365752696991
Q9Y4E8,Q9Y277,0,0.8244112730026245
Q93009,Q13426,0,0.9498826861381531
Q93008,A5PKW4,1,0.7342063188552856
Q96RU2,Q9HCX3,1,0.002468483056873083
Q9BXU7,O43663,1,0.958918571472168
P51784,P16104,1,0.5364868640899658
O94966,Q13114,1,0.9135347604751587
Q96FW1,P03372,1,0.417219877243042
Q9NQC7,Q7Z3Y8,0,0.2279345840215683
Q93009,P48739,0,0.4597991108894348
Q9Y2K6,O15049,0,0.0002899235987570137
Q93009,Q96EI5,0,0.02019493654370308
Q70CQ2,O60909,0,0.7121713757514954
Q9Y2K6,Q5T9A4,0,0.9057326912879944
P40818,P42566,1,0.11175362765789032
Q6GQQ9,Q8NFZ5,0,0.0003204898093827069
P40818,P63279,0,0.07504414767026901
Q93008,P17302,0,0.04819410294294357
Q9NQC7,Q14444,0,0.07668723165988922
Q70CQ3,P21796,1,0.7582635879516602
Q9NQC7,P31749,1,0.2867010533809662
Q8TEY7,O95714,0,0.6735946536064148
Q93009,O43524,1,0.9995988011360168
Q8TEY7,O43303,1,0.03170933574438095
Q14694,Q9UL17,1,0.15175284445285797
Q9UMW8,Q15750,1,0.0684046819806099
Q9BXU7,P0C0S8,1,0.7114952206611633
Q9UPT9,P09681,0,0.13840140402317047
O94966,Q13620,0,0.4149889349937439
P51784,P04637,1,0.994057297706604
Q96K76,P35222,1,0.784771740436554
Q92995,O15524,0,0.030369753018021584
Q93009,P23771,0,0.8349630236625671
Q96G74,Q9Y4K3,1,0.972748339176178
Q13107,O14965,0,0.36887404322624207
Q93009,Q9BWX1,0,0.013758836314082146
Q9NQC7,P55036,0,0.004032684490084648
Q70EL3,P12956,1,0.9964485168457031
Q93009,Q04206,1,0.8158503770828247
Q70EK9,Q8NEM7,0,0.10701687633991241
Q9Y4E8,Q15796,1,0.48530760407447815
Q9H9J4,Q9H6W3,0,0.20477968454360962
Q9NQC7,Q9P0J7,0,0.9872151613235474
Q93008,P04626,1,0.05311918631196022
P51784,P17028,0,0.7380808591842651
O94782,Q02535,1,0.9958515167236328
P45974,Q08050,1,0.9989952445030212
P40818,P37088,1,0.9840517044067383
Q9UGI0,Q9NVK5,0,0.014044374227523804
Q9BXU7,Q9BXU7,0,0.000251211691647768
Q93009,Q16526,1,0.9402543306350708
P40818,Q9H4P4,1,0.9486790299415588
Q8TEY7,P11234,1,0.9027466177940369
Q9UK80,Q6FI13,0,0.9906184077262878
Q93008,P63000,0,0.023886356502771378
P09936,P19013,0,0.08005381375551224
Q9P2H5,Q86WV6,0,0.9934248924255371
Q6R6M4,P83916,0,0.04633437097072601
Q13107,Q8WWY3,1,0.44344231486320496
Q9Y5K5,P48556,0,0.4682007133960724
Q93008,P60842,1,0.9626275300979614
O75317,P0C0S8,1,0.9170456528663635
Q9UPT9,P35354,1,0.0167962908744812
Q96G74,Q9HCE1,0,0.019544437527656555
Q13107,Q9Y4K3,1,0.9816277623176575
Q0WX57,P09936,0,0.9776970148086548
Q9UHP3,P04234,1,0.0012561824405565858
Q9Y6I4,Q9H9S0,1,0.985565721988678
Q92560,Q07021,0,0.001529717119410634
Q70CQ1,P04637,1,0.9872473478317261
Q9H0E7,Q13428,0,0.8069543838500977
Q9P2H5,Q8NFZ5,1,0.014239637181162834
Q9Y6I4,P01130,0,0.9287166595458984
Q93009,O43663,1,0.9993950128555298
Q96FW1,P68036,0,0.015381024219095707
P54578,Q9GZQ8,0,0.10000113397836685
Q93009,P14373,1,0.9953094124794006
Q86T82,P20248,1,0.2566274106502533
Q14694,P18084,1,0.346957266330719
Q92560,P27348,1,0.35737907886505127
Q9Y4E8,P35222,1,0.990908145904541
O94966,Q5XPI4,1,0.002103835344314575
P09936,A2RUB6,0,0.9915940761566162
P40818,P31947,0,0.03294453024864197
Q9UMW8,Q9NYJ8,0,0.994511604309082
Q93009,Q9UNE7,0,0.7098081111907959
Q14694,P0C0S5,1,0.1367758810520172
Q14694,P55072,0,0.8517780900001526
Q96K76,O95863,1,0.32642120122909546
Q14694,Q13619,0,0.8659276366233826
Q6R6M4,Q99538,1,0.20877015590667725
Q92905,O95863,1,0.9269974231719971
O75604,P46531,0,0.0001876490277936682
P45974,Q96KB5,0,0.8452330231666565
P62068,Q99259,1,0.9784941673278809
P51784,Q9NR20,0,0.3669203519821167
O94782,P19013,0,0.5859415531158447
Q93009,P37275,0,0.18458232283592224
Q9H3M9,P17096,0,0.1338655948638916
Q13107,O43395,1,0.3248143792152405
Q14694,Q07065,0,0.16485479474067688
Q93008,P14921,1,0.8108209371566772
Q14694,Q9Y586,0,0.947306215763092
Q9UK80,Q14008,0,0.20898942649364471
Q13107,Q6TGC4,0,0.9542418122291565
Q93008,P57678,0,0.0009726982098072767
Q9Y4E8,Q13501,1,0.8826608061790466
O75317,Q53GS9,0,0.7128612399101257
Q93009,Q68CJ9,0,0.2683916389942169
P40818,O43633,0,0.17573602497577667
Q93009,P12004,1,0.10327476263046265
Q93009,Q9HAW4,1,0.9905158281326294
Q93008,O94844,0,0.021686913445591927
Q6R6M4,Q13114,0,0.9859235286712646
Q14694,Q9Y4K3,1,0.9514725208282471
Q9P275,Q7Z7K2,0,0.9172718524932861
P46736,O95271,1,0.9719603657722473
P09936,Q16620,1,0.9998408555984497
P45974,Q9Y5Q3,1,0.263436496257782
Q93009,P04198,1,0.03472841531038284
Q9UK80,Q96S53,0,0.6892635822296143
O94966,O60337,1,4.645304215955548e-05
Q9UK80,Q8TEY7,0,0.7898709774017334
Q92560,P51610,1,0.7880070209503174
Q93009,Q9HCI5,0,0.008028894662857056
Q9UMW8,P60484,1,0.9792246222496033
O75604,P25445,1,0.4474458694458008
Q93008,P33981,1,0.04134637117385864
Q92995,Q14457,1,0.9097755551338196
P09936,P23508,0,0.0022846742067486048
Q93009,Q15170,0,0.06656821072101593
O75604,P51168,1,0.17002855241298676
Q14694,Q8IVH8,0,0.0784008577466011
Q86T82,Q9Y297,0,0.0075911227613687515
Q86UV5,P08151,1,0.996306300163269
Q93008,Q15797,1,0.6074060797691345
Q9Y5T5,Q86YD1,0,0.007560664787888527
Q14694,P11021,0,0.1945212036371231
O75317,Q9BQS6,0,0.023921309038996696
Q93009,O15119,0,0.33719906210899353
Q13107,Q13107,1,0.07675309479236603
Q5VVQ6,Q96J02,1,0.3593014180660248
Q9H0E7,Q01860,1,0.9357866644859314
Q92560,Q13887,1,0.9793300032615662
P51784,P29590,1,0.7123744487762451
Q6R6M4,Q00534,0,0.12482704222202301
Q9UHP3,Q9H2K2,0,0.9703406095504761
Q93008,O60285,1,0.8345707654953003
O94966,Q92769,1,0.9551692605018616
Q8TEY7,Q96KR1,0,0.6648305058479309
Q9Y2K6,P14618,1,0.0007606633589603007
P40818,P04626,1,0.9943960905075073
P46736,P46736,0,0.9829734563827515
Q14694,Q9Y295,0,0.9264209270477295
Q86T82,Q96CB8,0,0.9550800919532776
Q93009,P46736,0,0.9295529127120972
Q93009,P35222,1,0.8813205361366272
Q93008,Q9NYV9,1,0.11030326038599014
O75317,Q16778,1,0.9429298043251038
Q96RU2,Q9HAW4,1,0.9973145127296448
Q93008,P01130,0,0.8641826510429382
Q14694,P04637,1,0.984126091003418
Q9Y4E8,Q8IXT5,0,0.737819254398346
Q92560,Q01167,1,0.8255293965339661
Q93009,Q9UPP1,1,0.35339733958244324
Q9Y4E8,Q9Y230,0,0.900999128818512
P40818,Q8NEM0,1,0.996769905090332
Q93009,Q99496,1,0.9965963959693909
Q96FW1,Q9NWT6,0,0.9445096850395203
Q6R6M4,P0CG48,0,0.009612416848540306
Q70CQ3,Q96I36,0,0.5208476781845093
O94966,Q5VZ03,0,0.00013948290143162012
Q14694,Q13131,1,0.8901180624961853
Q9Y4E8,P36897,1,0.9991944432258606
P54252,Q14457,1,0.5291486978530884
Q9UK80,P23771,1,0.9910987019538879
Q92995,Q96A84,0,0.000985646154731512
Q9Y5T5,P11182,0,0.0005049288156442344
P54578,P50990,0,0.02181902341544628
Q93009,P35226,1,0.9552685022354126
Q92995,P11940,0,0.8969566822052002
Q9UK80,O95786,1,0.9985913634300232
O94966,Q13489,1,0.09766258299350739
Q93009,P52597,0,0.021433169022202492
Q92995,Q96J02,0,0.6414443254470825
Q9P275,Q6ZN17,0,0.01771346852183342
P54578,P35222,1,0.93660968542099
O75317,O60346,1,0.9467504024505615
Q13107,Q8WUE5,0,0.16037896275520325
P54252,Q92934,1,0.052158474922180176
Q9NQC7,P13929,0,0.002542177215218544
O75604,Q96EB6,1,0.9298809766769409
P40818,Q69YN4,0,0.32415828108787537
Q96FW1,Q02978,0,0.06143200397491455
Q92995,Q07820,1,0.11989285796880722
A6NNY8,O43521,1,0.551484227180481
Q9Y4E8,Q15020,1,0.0013599905651062727
Q6R6M4,O95786,1,0.9976835250854492
Q9Y2K6,Q16665,1,0.9963375329971313
Q9NQC7,O14640,1,0.12403573095798492
P21580,Q92985,1,0.026487093418836594
Q96G74,P62993,0,0.001607410842552781
Q9UGI0,Q15910,1,0.019091228023171425
P45974,Q8IWV7,0,0.2603754699230194
Q96K76,Q6NVY1,0,0.022897781804203987
Q5VV17,O15105,1,0.9695219397544861
O94966,P08238,0,0.008622975088655949
Q96G74,O14737,1,0.006209287326782942
Q8TEY7,Q9H6X4,0,0.5812721252441406
Q93009,Q01831,1,0.9726833701133728
P40818,P56817,1,0.006903184112161398
Q93009,P10276,1,0.9037551879882812
O75317,Q6ZVD8,1,0.9914259910583496
Q9NQC7,Q9UHD2,1,0.5731147527694702
Q14694,Q7Z739,0,0.040859710425138474
Q9Y6I4,P16104,1,0.7519829273223877
P54252,Q07812,1,0.5946155786514282
Q13107,Q9BQ83,0,0.003040097653865814
P12956,Q07820,1,0.3307807743549347
Q9Y2K6,P43364,0,0.7729451060295105
Q9UPT9,Q14CW9,0,0.37001776695251465
Q9NQC7,O15372,0,0.8600435256958008
Q9UHP3,O95271,1,0.6213222146034241
P15374,Q99614,0,0.0034317299723625183
Q9Y4E8,Q8TEQ6,0,0.7211901545524597
P35125,Q99750,0,0.2364933341741562
Q96FW1,P04637,1,0.9987000226974487
Q9P275,Q8N1I0,0,0.6876785755157471
P54578,Q96GD4,1,0.9719023704528809
Q9Y6I4,O95786,1,0.9958395957946777
O94782,Q02363,1,0.010242601856589317
Q9UMW8,Q9P2Y5,0,0.18531619012355804
Q53GS9,Q96GD4,1,0.9965142607688904
Q9P2H5,Q8NB14,0,0.11425328999757767
Q9NQC7,P04629,1,0.8566192984580994
Q93008,O15169,0,0.5497804880142212
Q96DC9,P78347,0,0.9767169952392578
Q93008,Q9BYZ6,0,0.2665875256061554
Q9UPT9,Q12962,0,0.309307724237442
O00507,Q96EB6,0,0.9990049004554749
Q5VV17,Q92985,0,0.352216511964798
P40818,P61981,0,0.10133610665798187
O75604,P24385,1,0.1294606775045395
Q93009,P25787,0,0.08461148291826248
Q9BXU7,Q00987,1,0.9877594113349915
Q92995,Q86WV6,1,0.9898814558982849
Q93009,Q8IXJ9,1,0.025047818198800087
Q13107,O43318,1,0.999243974685669
Q9UK80,Q9Y5S9,0,0.015371415764093399
Q96G74,P51784,0,0.8994053602218628
O75317,Q9UPP1,0,0.5462523102760315
Q9P2H5,P21796,1,0.8925266265869141
Q13107,P47929,0,0.08046773076057434
Q9Y4E8,Q96DI7,0,0.030414482578635216
Q93009,Q13813,0,0.08492973446846008
Q93008,Q15051,1,0.00033645619987510145
Q93009,Q92611,0,0.1385858952999115
P21580,Q13158,0,0.04168865084648132
Q93009,O14965,1,0.13035470247268677
Q13107,P49458,0,0.5796273946762085
P51784,O14920,1,0.600455105304718
P54252,Q8N5K1,0,0.0161911491304636
P15374,Q12906,0,0.018057888373732567
Q9UPT9,Q06323,0,0.002707259962335229
Q93009,P04637,1,0.9978289008140564
Q6R6M4,O95760,0,0.9844083189964294
Q15040,O15524,1,0.0021291826851665974
Q9NQC7,O15105,1,0.9980226755142212
Q93008,Q9H2P0,0,0.7310028076171875
Q5VV17,P04637,1,0.9571816921234131
Q70CQ2,O15169,1,0.49645981192588806
Q8TEY7,P32121,1,0.12044265121221542
Q13107,Q9NV70,0,0.003242030506953597
Q53GS9,O95400,0,0.41875511407852173
Q9UPT9,P14635,1,0.04612935706973076
Q93008,Q96B67,0,0.4457433521747589
Q93009,Q9Y3C5,0,0.15445339679718018
Q93009,Q96N67,0,0.02595449425280094
O00487,P06733,0,0.4429193437099457
P51784,P98170,1,0.994629442691803
P21580,Q6ZNQ3,0,0.7346187233924866
Q86T82,P46527,1,0.25817108154296875
Q70CQ3,Q52LD8,0,0.2445177584886551
Q9P275,P03372,0,0.8246271014213562
P40818,Q02241,1,0.108478844165802
P40818,O60260,1,0.9844112396240234
Q93009,Q00987,1,0.9978951215744019
Q9UK80,Q86WV6,1,0.8546696901321411
O00507,Q13485,1,0.9988628625869751
Q93009,Q9BSM1,0,0.9271593689918518
Q93009,P62807,1,0.9577106833457947
Q6R6M4,O14965,0,0.1344868540763855
P51784,O95602,0,0.3517909348011017
Q9Y4E8,P62877,1,0.8963229656219482
Q96FW1,P27694,1,0.5200005769729614
P46736,P0C0S8,1,0.9849243760108948
Q9NQC7,Q8WXW3,0,0.2022290825843811
P54252,P55072,1,0.04221249744296074
Q9H9J4,Q8N1G4,0,0.5483739376068115
Q70CQ3,Q15388,1,0.10133127123117447
Q5D1E8,P59910,0,0.5520299077033997
P51784,O14654,0,0.08477285504341125
P21580,Q13137,1,0.049381691962480545
Q93008,P16949,1,0.022246545180678368
P21580,Q96PU5,0,0.5540283918380737
Q86UV5,P05067,0,0.42904695868492126
Q9Y6I4,Q07954,0,0.0006519429152831435
Q93009,P35568,1,0.7594895958900452
Q93009,Q96EP1,1,0.38000062108039856
Q13107,Q13546,1,0.9953902959823608
P40818,Q16665,1,0.9992037415504456
Q96G74,Q12933,1,0.9907195568084717
Q9UK80,P36507,1,0.0061225080862641335
Q96DC9,Q96RU2,0,0.05046125873923302
Q6GQQ9,Q13618,0,0.9290982484817505
Q93009,P51784,0,0.49927565455436707
Q93009,Q01860,1,0.9461403489112854
P21580,Q99683,1,0.9672254323959351
Q9UK80,Q5TCX8,0,0.3775724172592163
Q93008,P11308,1,0.9766840934753418
P40818,Q96FW1,0,0.003295847913250327
Q9UPT9,Q96GX2,0,0.27879711985588074
Q9UPT9,O75529,0,0.4943239390850067
Q9Y5K5,P35228,1,0.7471492290496826
Q70CQ3,P03372,0,0.727503776550293
Q9NQC7,Q8IWX8,0,0.05869138240814209
Q5VVQ6,Q96CS3,0,0.2466970682144165
Q9Y4E8,Q86TM6,0,0.9829108119010925
Q92995,P01106,1,0.9982113838195801
Q92995,O14640,0,0.9937607645988464
O75604,P14555,0,0.7094364762306213
Q93009,P35227,0,0.9666386246681213
P21580,Q9Y6K9,1,0.967330276966095
Q13107,P09382,0,0.08606834709644318
O75604,Q9NRD5,0,0.06517253071069717
O94782,P41134,1,0.2140480875968933
Q13107,P30411,0,0.9253330826759338
P54578,Q6P2Q9,0,0.08439154177904129
Q9Y4E8,P21796,1,0.9627816677093506
Q93008,P46937,1,0.1065652146935463
Q93009,Q03468,1,0.21546079218387604
Q9Y2K6,Q6DKK2,0,0.009861745871603489
P54252,P17066,0,0.854948103427887
Q9Y6I4,O75828,0,0.20604132115840912
Q9Y6I4,Q16777,1,0.9949058294296265
Q13107,Q08999,1,0.9949727058410645
Q93008,Q9H977,0,0.019592536613345146
Q9UMW8,Q7Z434,0,0.7323689460754395
Q9UK80,P0C0S8,1,0.716069221496582
Q14694,P60484,1,0.9963053464889526
Q93008,Q9C0C7,0,0.9398561716079712
Q9HBJ7,Q9GZU7,0,0.03828614205121994
P54252,Q9UNE7,1,0.03628788888454437
Q13107,P60484,0,0.9846230149269104
P40818,Q9UPT9,0,0.2819857597351074
Q9HBJ7,Q16777,1,0.9297029972076416
O95630,Q15796,0,0.9744938611984253
Q9UPU5,Q92466,1,0.14829117059707642
O94782,P52630,0,0.9612110257148743
Q96K76,Q9UGP5,1,0.5942238569259644
Q70EL2,P07992,1,0.009457278996706009
Q92560,O15294,1,0.999852180480957
Q93009,Q13127,1,0.9723091721534729
Q9Y5K5,P05067,0,0.7440994381904602
Q9Y6I4,Q9H496,0,0.34026411175727844
Q93008,Q8IX03,0,0.7656523585319519
Q92560,Q13200,0,0.025150535628199577
Q93008,P43403,1,0.8826306462287903
Q9Y5E6,Q5SNT2,0,0.7731080651283264
Q93008,Q9HC98,0,0.9271184206008911
Q14694,P35232,0,0.9968690276145935
Q96FW1,P62837,0,0.9906988739967346
Q9Y4E8,Q9P2B4,0,0.031167419627308846
Q70CQ3,Q8IWA4,1,0.5771331787109375
Q93009,P0CG48,0,0.004013810772448778
Q9Y4E8,P25942,0,0.004284355323761702
Q9NQC7,Q9BRZ2,0,0.9419968128204346
Q86UV5,Q12933,1,0.5044260621070862
P21580,Q8TBC3,0,0.004078748170286417
Q14694,Q16777,0,0.9996306896209717
P09936,Q13489,0,0.2445230633020401
Q9Y6I4,P0C0S8,1,0.9951813817024231
P21580,Q9Y4K3,1,0.9493938684463501
Q9UPU5,P04637,1,0.4633945822715759
P51784,Q86YC2,1,0.5488434433937073
Q93008,O00327,1,0.9583290815353394
Q93008,Q96L33,0,0.025376081466674805
Q96RU2,O96017,1,0.008703135885298252
P51784,P32119,0,0.7813486456871033
O75317,P10275,1,0.9846485257148743
Q9NQC7,Q04206,1,0.7165839672088623
Q13107,P49116,1,0.9836639165878296
P51784,P38936,1,0.09412417560815811
Q5VVJ2,Q16777,1,0.9653223752975464
P45974,Q96L92,0,0.03474877029657364
P40818,O43752,0,0.0018198175821453333
Q8TEY7,P49407,1,0.02531478926539421
Q9NQC7,Q02246,1,0.011386562138795853
O75604,Q9NRA8,0,0.05719097703695297
Q93009,O43463,0,0.45041248202323914
Q9UHP3,Q9Y4K3,1,0.9982447624206543
Q70CQ3,Q8N594,0,0.3394598960876465
Q8TEY7,Q13228,0,0.6704249978065491
Q9Y4E8,Q9BWX1,0,0.05431218445301056
P21580,O75084,0,0.5475472211837769
Q9H9J4,P14780,1,0.9192782640457153
Q9Y5T5,P53350,1,0.1282585710287094
Q9UMW8,P13639,0,0.20743565261363983
Q9Y4E8,O95786,1,0.9975864887237549
Q9H0E7,Q12834,1,0.00253061531111598
Q93009,Q9BUZ4,0,0.0028803590685129166
Q96K76,O60260,0,0.9928532242774963
Q9Y5K5,P25963,1,0.7358185648918152
Q93008,P49619,0,0.9792927503585815
Q13107,Q7Z6Z7,1,0.7310314178466797
O75604,Q9BZR9,0,0.6900238990783691
Q93008,P50542,1,0.5082045197486877
P40818,O75886,0,0.8496485352516174
Q9Y2K6,P07550,1,0.18202365934848785
Q93008,Q96RU7,1,0.6075988411903381
Q93009,P37231,1,0.5605324506759644
Q92995,P55072,0,0.07820307463407516
Q14694,Q9Y6K9,1,0.9939934611320496
Q5VVJ2,Q9H4B7,0,0.11342612653970718
P40818,Q96J02,1,0.5862517952919006
Q9UPT9,Q96S21,0,0.6630072593688965
O00487,O95863,1,0.9310391545295715
Q0WX57,P00533,0,0.1776009500026703
Q13107,Q15118,0,0.5223419070243835
P09936,Q9NPH5,1,0.9891250133514404
P51784,P78406,1,0.01826692931354046
P54578,P14598,0,0.7986918091773987
Q9P275,Q16778,1,0.9088654518127441
Q9Y6I4,Q8N5D0,0,0.22023242712020874
Q8NB14,Q9UHD2,1,0.06314335763454437
O75317,Q16777,1,0.956109881401062
Q93008,P23588,1,0.9723147749900818
Q93009,P12955,0,0.15643766522407532
Q86UV5,Q9UK80,0,0.01334819383919239
Q93009,Q9Y6K9,1,0.6166734099388123
Q13107,Q4G0J3,0,0.9821955561637878
Q93008,Q13489,0,0.6130929589271545
Q9UMW8,O43318,1,0.9981921315193176
P51784,P37173,1,0.44760861992836
Q9UK80,Q8IUH3,0,0.008360552601516247
Q9Y4E8,Q14145,1,0.4677446782588959
O75604,Q9NYB9,0,0.965523362159729
Q92560,P38398,1,0.8983306288719177
Q96FW1,P23526,0,0.6319119334220886
P51784,P12273,0,0.07123144716024399
Q9UMW8,Q9BXL7,0,0.2228386104106903
Q9NQC7,Q13546,1,0.9938954710960388
Q93008,Q9Y2J4,1,0.5827531814575195
Q6R6M4,P20248,0,0.12037079781293869
Q9UK80,Q9UIF9,1,0.43446794152259827
Q93009,P06400,1,0.9998549222946167
Q96RU2,Q86UY6,0,0.009607632644474506
Q13107,P06400,1,0.999816358089447
P54578,Q9BVJ6,0,0.0006081347819417715
P62068,P42261,1,0.023458795621991158
Q96G74,Q1L5Z9,0,0.31043025851249695
Q8TEY7,Q14457,0,0.9950922727584839
P45974,O95180,1,0.008383730426430702
A6NNY8,Q14469,1,0.9938499331474304
P51784,Q9HC52,0,0.6732098460197449
Q9NQC7,Q9NZN5,1,0.9545514583587646
O75604,O75140,0,0.04781928285956383
P40818,Q92783,1,0.16146232187747955
P40818,O15155,0,0.029276704415678978
P40818,Q99835,1,0.46034252643585205
Q93008,Q86YR5,1,0.9988664388656616
Q9NQC7,P36897,1,0.9644098877906799
P46736,O15287,1,0.005936863832175732
P40818,Q9NR09,1,0.08701981604099274
Q9Y4E8,P25963,1,0.8472477197647095
P21580,Q14457,1,0.9281306266784668
Q9BXU7,O15105,1,0.8891436457633972
Q9UPT9,A6NNY8,0,0.021473025903105736
Q93008,Q9UBV8,0,0.008727218955755234
Q86T82,O14965,0,0.9456469416618347
Q13107,Q15287,1,0.20901033282279968
Q96FW1,O95863,1,0.9955283999443054
Q93009,Q8IX18,0,0.009181652218103409
Q13107,Q9Y3D0,0,0.060042232275009155
Q14694,Q03518,1,0.19021520018577576
Q93008,Q92667,0,0.10680100321769714
O94966,O60909,0,0.8423573970794678
P40818,P04629,1,0.9926517605781555
Q9NQC7,P78352,1,0.030577411875128746
Q9UPT9,Q16777,1,0.9044592380523682
Q93008,Q16864,0,0.5306171178817749
Q86T82,Q9C037,0,0.11654273420572281
Q93009,P51965,1,0.7914571166038513
Q6R6M4,O43474,0,0.8483538031578064
O75604,Q8ND90,0,0.03714674338698387
Q6R6M4,Q15672,1,0.22380943596363068
Q9Y4E8,Q08378,0,0.9510654211044312
Q92905,O43623,1,0.8316685557365417
Q93008,Q99683,1,0.9881160259246826
P51784,Q13107,0,0.9985390901565552
Q70CQ1,O75170,0,0.0036105215549468994
Q96FW1,Q15796,1,0.17165416479110718
Q86T82,Q05516,1,0.9913718700408936
Q9Y2K6,Q92813,1,0.7490476369857788
Q93008,Q15436,0,0.24544847011566162
Q93008,O95155,0,0.062396638095378876
Q01804,Q01831,1,0.8799195885658264
O75604,P51170,1,0.036538612097501755
O75317,P08253,0,0.4923187792301178
P40818,P17302,1,0.17406149208545685
Q0WX57,Q92769,1,0.9840649962425232
Q96K76,P12830,1,0.059760261327028275
Q93009,Q9NSA3,1,0.050489675253629684
Q9Y4E8,O75150,0,0.003469078103080392
A6NNY8,Q96J02,0,0.7685255408287048
Q9Y5T5,P0C0S8,1,0.9727349281311035
Q9Y4E8,O43541,1,0.6924659609794617
Q9NQC7,Q8IY17,0,0.21375338733196259
P40818,Q6FHJ7,1,0.0009848065674304962
Q9UMW8,P49116,1,0.9709869623184204
Q92995,Q9UM11,0,0.02002280205488205
Q9UPT9,Q14469,1,0.7041420340538025
Q93009,Q9HBZ2,0,0.4515220522880554
Q93009,Q9BZS1,1,0.36975571513175964
Q9Y5T5,Q16778,1,0.948567807674408
P51784,P26599,0,0.015110660344362259
Q93009,Q07866,0,0.6559853553771973
Q9UPT9,P01106,1,0.9935303330421448
Q13107,P36897,1,0.9744898080825806
Q9UK80,O95760,1,0.49514785408973694
Q9UPT9,Q96BN2,0,0.08088904619216919
Q70EL3,P11310,0,0.4695029854774475
P09936,Q92905,1,0.8141763806343079
P21580,P19838,1,0.9950882792472839
Q93009,P29590,1,0.8923243284225464
Q96FW1,P84022,1,0.4268159866333008
Q96DC9,Q9Y468,1,0.0018870169296860695
Q9Y6I4,P04637,1,0.986370325088501
P21580,Q96CS7,0,0.5813548564910889
Q9Y5K5,Q01094,1,0.6702451109886169
Q0WX57,Q9Y256,1,0.9828937649726868
Q9NQC7,Q6Q0C0,1,0.009144356474280357
Q9Y4E8,P42574,1,0.00037100218469277024
Q70CQ1,Q16778,1,0.9162838459014893
P09936,P04637,1,0.9972378015518188
Q70CQ3,Q9BSJ5,0,0.9920227527618408
O94782,O60346,1,0.9732065200805664
Q96FW1,P10636,1,0.45584166049957275
P40818,P01130,1,0.03383491560816765
P35125,Q14CW9,0,0.552595853805542
Q9UHP3,Q14315,0,0.3530186116695404
Q14694,P62807,1,0.9889422655105591
Q93008,P29692,0,0.009306640364229679
Q9HBJ7,P04637,1,0.909040629863739
O94782,Q9NVI1,1,0.0016324486350640655
Q86UV5,P04908,1,0.9907577037811279
Q70CQ1,P08709,0,0.0014363328227773309
Q9UHP3,P19013,0,0.742205798625946
P54578,Q53GQ0,0,0.002243171213194728
Q92560,Q96CW5,1,0.6914184093475342
P54252,Q9NRD5,0,0.10946512967348099
Q70EL3,Q9ULZ3,1,0.5398893356323242
P51784,O95931,0,0.15875029563903809
Q9UK80,Q5T5X7,0,0.969645619392395
O94966,Q13547,1,0.9658295512199402
Q92995,Q14694,1,0.22369754314422607
Q13107,P15884,1,0.6855627298355103
P54252,P29466,0,0.7668775320053101
Q9UK80,Q9BYM8,0,0.4071030020713806
Q9Y6I4,P62807,1,0.9853573441505432
Q93009,Q8NFZ5,0,0.0042860666289925575
A6NNY8,Q16594,0,0.9938249588012695
P40818,Q8NCE0,0,0.009334338828921318
O94782,Q9BXW9,1,0.34768515825271606
Q92905,Q13619,1,0.007632629480212927
Q13107,P38936,0,0.4910532832145691
Q6R6M4,P30304,1,0.3583012521266937
Q9P275,P61956,0,0.8570536375045776
Q8TEY7,Q9Y4E8,0,0.029348282143473625
Q0WX57,Q9H7L9,1,0.9391435980796814
Q96G74,P04637,1,0.989722728729248
Q9Y4E8,Q14258,1,0.8548237085342407
Q93009,O14773,1,0.837561309337616
Q9Y6I4,P21589,0,0.00561003340408206
Q93008,P68371,0,0.14828620851039886
P40818,Q04917,0,0.013470265083014965
Q93008,P08069,0,0.9764606952667236
P51784,O15111,1,0.9176406860351562
P54578,P61073,1,0.5687443017959595
P51784,Q01094,1,0.7264124155044556
Q13107,P11473,0,0.001033864333294332
Q9Y5K5,P22059,0,0.6695650219917297
Q9Y4E8,P13639,0,0.00691462866961956
P51784,P36897,1,0.9882431626319885
Q6GQQ9,P00533,1,0.10369812697172165
P54578,Q5SSJ5,0,0.1141880676150322
Q93008,P37840,1,0.3460761308670044
P09936,Q9BYV2,0,0.04714658111333847
Q9Y2K6,Q99750,0,0.12022781372070312
Q9Y4E8,Q9UJZ1,0,0.372262179851532
Q70CQ2,Q9Y2T1,1,0.5400608777999878
Q93008,Q15154,1,0.2174173891544342
Q6GQQ9,Q13546,1,0.98223876953125
Q9H3M9,Q13887,1,0.9763275384902954
Q9NQC7,P06239,1,0.9971534013748169
Q93009,Q9BZR9,0,0.009054108522832394
P21580,Q8WXI2,0,0.8414672613143921
Q92905,Q9NZQ7,1,0.00999956950545311
Q13107,Q9UBE8,0,0.7681273818016052
Q9UPT9,P49848,0,0.02181832306087017
Q9UPT9,Q9UBU9,0,0.7216509580612183
Q9UMW8,P05161,1,0.06213302165269852
Q96FW1,O95816,0,0.2519262135028839
Q96RU2,Q96PM5,0,0.8799275755882263
Q9Y5K5,P01040,0,0.24339312314987183
P15374,Q15797,1,0.9640820622444153
Q92560,Q16777,1,0.9728928208351135
Q9NQC7,Q12933,1,0.9193224906921387
Q93008,O95863,0,0.9603617191314697
P40818,O75351,0,0.034665051847696304
Q9UHP3,O00463,1,0.780531108379364
Q92995,O75030,1,0.01515616662800312
Q5D1E8,P52292,0,0.3360368609428406
Q93009,P60484,1,0.29307717084884644
Q14694,P23396,1,0.49340760707855225
P21580,P62258,0,0.1573033630847931
Q93008,Q92905,0,0.7864602208137512
P51784,Q9H0Y0,0,0.45933422446250916
O00487,P04626,1,0.9853964447975159
P62068,Q04917,0,0.1784333735704422
P51784,Q13618,0,0.7101755738258362
Q9Y6I4,O15371,0,0.29875946044921875
Q70EL3,P11717,0,1.0
P46736,Q9P2Y5,0,0.007186585105955601
O94782,P41002,0,0.6575512886047363
Q9UHP3,P50991,1,0.6961045265197754
Q92560,Q15723,0,0.37525680661201477
P40818,P55085,1,0.3124023675918579
O94782,Q13835,0,0.16798144578933716
Q13107,Q04917,0,0.12918952107429504
Q14694,P13569,1,0.0317983515560627
Q92995,Q9BYV6,0,0.9474048018455505
Q93008,O95999,1,0.010664603672921658
Q9NQC7,P20749,1,0.021695181727409363
Q93009,P08151,1,0.6808276772499084
Q93008,Q969H0,1,0.6783839464187622
Q13107,Q02556,1,0.9942370653152466
Q9UPT9,O75618,0,0.019368749111890793
Q9Y4E8,P51449,1,0.9910122156143188
Q13107,Q99742,0,0.9177840948104858
O75604,P19438,0,0.9659505486488342
Q96FW1,Q13263,0,0.007709386758506298
Q96K76,Q14676,0,0.1680443286895752
O94966,Q86TM6,1,0.53664630651474
Q70EK9,Q9UPT9,0,0.9625716805458069
Q96RU2,Q96MF7,0,0.06898727267980576
Q96G74,P49327,0,0.060650985687971115
Q13107,Q96HZ4,0,0.0021383638959378004
Q5VVQ6,P55072,1,0.958296537399292
P54252,P14868,0,0.8218663334846497
Q9NQC7,O43353,1,0.3991656005382538
Q9NQC7,P05814,0,0.02314666658639908
Q96RU2,Q12888,1,0.9948859810829163
Q9UPT9,P35226,1,0.797772228717804
Q9Y2K6,O75521,0,0.45198819041252136
Q9UMW8,Q13509,0,0.4797905385494232
Q86T82,P78396,1,0.5786644816398621
Q9Y4E8,Q9UJW0,0,0.5802181363105774
Q93008,P42345,1,0.0009465573821216822
Q9UK80,Q16777,1,0.5858201384544373
P40818,O94979,1,0.04772920534014702
Q86T82,P40305,1,0.8041718602180481
Q93009,P28074,0,0.5985145568847656
P51784,P13639,0,0.020471116527915
Q9Y4E8,Q9HAU4,1,0.4758473336696625
O94966,Q15393,0,0.998332679271698
Q93009,Q12933,0,0.8095490336418152
Q93008,Q96L34,1,0.041155993938446045
O75604,O96006,0,0.5791485905647278
Q9NQC7,O75385,0,0.32864856719970703
Q93009,Q8IYS2,0,0.23339678347110748
Q93008,Q9UDY8,0,0.9534288048744202
Q93009,Q5MJ08,0,0.11300075054168701
Q96RU2,O95198,0,0.0784144401550293
Q01804,O76013,0,0.055883318185806274
Q93009,Q16665,1,0.989357054233551
P54578,Q9H4M7,0,0.15463809669017792
P15374,O95218,0,0.009631878696382046
Q93009,P23396,0,0.09179455041885376
Q9Y4E8,Q9P0W2,0,0.0008052917546592653
Q92905,P31151,0,0.19421005249023438
P40818,Q8WUX9,0,0.010789599269628525
Q93008,P35222,1,0.9031286835670471
Q9UPT9,Q86WV6,1,0.6728649139404297
Q9Y5K5,Q99835,1,0.05346836522221565
Q9Y4E8,Q96RU3,0,0.8748133778572083
Q93009,Q9H4L7,0,0.018685439601540565
P54252,Q9BYV2,0,0.059297919273376465
P40818,Q15717,0,0.20004431903362274
Q96DX7,Q9Y577,1,0.8285151124000549
Q13107,P0CG48,0,0.006246789358556271
P54252,O60260,1,0.7423668503761292
Q70CQ3,O94826,1,0.9384727478027344
P45974,Q96CV9,0,0.0011329315602779388
Q93008,Q9ULW3,0,0.34897831082344055
Q70EK9,Q16777,1,0.9907191395759583
Q5VVQ6,P08237,0,0.9721561670303345
O94782,Q08554,0,0.9971374273300171
Q9Y2K6,Q9Y4K3,1,0.9956711530685425
Q9Y4E8,Q13127,1,0.8556755185127258
