DUB,Substrate,label,DeepDSI
Q93008,Q9ULT8,0,0.2250935435295105
O75604,A6NEM1,0,0.000522384128998965
Q9Y2K6,Q9HAW4,1,0.9998683929443359
Q13107,Q15771,0,0.3588965833187103
Q96RU2,Q93009,0,0.0483480766415596
Q93008,P23588,1,0.021917644888162613
P40818,Q92783,1,0.2898632884025574
Q14694,Q9Y5A9,0,0.018131142482161522
Q96K76,Q13547,0,0.8557496070861816
O94966,Q6ISU1,0,0.025156332179903984
Q96FW1,Q8TDD1,0,0.22348791360855103
P40818,P04626,1,0.8568674325942993
P54578,Q96RU2,0,0.2990344166755676
Q93009,Q04206,1,0.7872424125671387
Q9Y6I4,P62807,1,0.9883540868759155
Q13107,P05026,0,0.8350144028663635
Q9Y5K5,P25963,1,0.7151884436607361
P15374,Q06609,1,0.23569999635219574
Q6R6M4,Q9H7L9,1,0.978367269039154
Q9UHP3,Q8N4S9,1,0.6418614983558655
P51784,Q9NR20,0,0.5726944804191589
P51784,O15270,0,0.10061530023813248
Q9P275,Q16778,1,0.9915570020675659
Q9UHP3,Q9UJV3,0,0.31418025493621826
Q92560,Q01167,1,0.09581930935382843
Q13107,Q96HZ4,0,0.3470851182937622
Q9UK80,P0C0S8,1,0.9154314398765564
Q9Y4E8,P84022,1,0.9003353118896484
P40818,P01130,1,0.9600710272789001
Q5D1E8,Q12933,1,0.9845971465110779
Q96FW1,P04083,0,0.16257251799106598
Q96FW1,P11142,0,0.0027912042569369078
P51784,Q86YC2,1,0.5818601250648499
Q93009,P35226,1,0.87037193775177
P62068,P61981,0,0.0228134673088789
Q9UPT9,Q16778,1,0.9914030432701111
Q92995,Q86WV6,1,0.948291540145874
Q93009,P60484,1,0.8984805345535278
Q9UPT9,Q9H0X4,0,0.7388048768043518
Q9NQC7,P08238,0,0.007096707355231047
Q93009,Q01860,1,0.6408761739730835
Q70EK9,P37275,1,0.844791829586029
Q70EL3,Q9ULZ3,1,0.4557986259460449
P40818,Q9NSD9,0,0.01874428056180477
Q9Y4E8,Q14676,0,0.9286666512489319
P54252,O14757,1,0.9668354988098145
Q6GQQ9,Q13114,1,0.8603975772857666
Q9Y4E8,P62877,1,0.808991551399231
Q5VV17,P04637,1,0.992566704750061
Q14694,P20226,1,0.5163812041282654
Q93009,Q68CJ9,0,0.5151932239532471
P54252,P07437,0,0.0339302159845829
Q96DC9,Q9Y468,1,0.9049787521362305
Q14694,O00743,0,0.1881955862045288
Q9UHP3,Q9Y4K3,1,0.9502875208854675
Q93009,P98177,1,0.8127026557922363
Q70CQ1,Q02790,1,0.2508159875869751
Q9NQC7,Q14669,1,0.9592603445053101
Q9Y4E8,O43541,1,0.9863644242286682
P54252,Q9BSU1,0,0.29955628514289856
O94782,P52294,0,0.04603791981935501
O94966,Q86TM6,1,0.6529023051261902
Q9UMW8,Q9BXL7,0,0.03162092715501785
Q9Y5K5,O00487,0,0.24391557276248932
Q93009,Q9H4M7,0,0.097680002450943
Q93009,P35222,1,0.8971188068389893
Q70CQ3,Q96MU7,0,0.02085653692483902
Q70CQ3,Q8IWA4,1,0.9967987537384033
P45974,Q9NS91,0,0.8564038872718811
Q92995,P01106,1,0.8931640386581421
Q92560,O60516,0,0.11146535724401474
Q9P275,Q6ZN17,0,0.0027165324427187443
Q9Y4E8,Q14533,0,0.018239449709653854
Q93009,Q9HBZ2,0,0.3550294041633606
Q96FW1,O43681,0,0.41466736793518066
Q15040,O15524,1,0.06880850344896317
P40818,P42261,1,0.9524742364883423
Q9NQC7,Q9UM82,0,0.21856480836868286
Q9Y4E8,P55072,0,0.852704644203186
O75604,P84022,0,0.8984050154685974
Q9NQC7,P06239,1,0.7384870052337646
P40818,P37088,1,0.9273882508277893
Q96RU2,Q96FW1,0,0.05613953247666359
P40818,O15519,1,0.30011728405952454
Q13107,Q13107,1,0.04437685012817383
Q92995,O75030,1,0.7339203357696533
P54578,Q99436,0,0.003989079035818577
Q8TEY7,P40337,0,0.0430179126560688
Q92905,Q9NZQ7,1,0.21356387436389923
Q93009,P37231,1,0.43366268277168274
Q9H0E7,Q13428,0,0.8398083448410034
Q9UK80,P36507,1,0.7635828256607056
Q6R6M4,Q01105,0,0.020580489188432693
P51784,P30260,0,0.6287931203842163
Q6GQQ9,P43403,1,0.6935657262802124
Q93008,P42566,1,0.6098564863204956
Q92560,Q96CW5,1,0.5443276166915894
Q14694,Q8N6T7,1,0.41776561737060547
Q9NQC7,P49116,1,0.8662153482437134
Q9NQC7,Q96DR8,0,0.03745075687766075
Q93009,O75386,0,0.41948238015174866
P62068,Q16777,1,0.9139081835746765
Q93009,Q14669,1,0.8218738436698914
P40818,Q9UK80,0,0.02684325911104679
O94782,Q13835,0,0.7856602668762207
P21580,Q9Y4K3,1,0.9588367938995361
Q9Y4E8,Q9Y4Z0,0,0.018807508051395416
Q13107,P07602,0,0.6125990152359009
Q93008,P46821,0,0.552804708480835
Q9P275,Q5T700,0,0.977111279964447
P62068,Q99259,1,0.6694878935813904
Q70CQ2,O43463,0,0.7059963941574097
Q9UHP3,Q9P260,0,0.9670905470848083
Q14694,P23396,1,0.040315866470336914
Q93009,Q99569,0,0.705927848815918
Q93008,Q9H992,1,0.6037072539329529
Q5VVQ6,P17661,1,0.05623510852456093
Q93009,Q9UHB7,0,0.9029693603515625
Q9Y5E6,P19838,1,0.9057759046554565
O75317,Q09472,0,0.033277783542871475
Q93009,Q96EP1,1,0.6314029693603516
Q9Y4E8,P02768,0,0.006914468016475439
O75604,P14555,0,0.18730208277702332
Q93008,Q9UGI8,0,0.7616967558860779
Q14694,Q8NC51,0,0.02608628198504448
Q93009,Q2YD98,1,0.052460238337516785
Q92560,P27348,1,0.02446047030389309
Q9UHP3,P19013,0,0.005817272700369358
P40818,O94979,1,0.02119443379342556
Q86UV5,Q13596,0,0.12991368770599365
Q9UMW8,Q7LBC6,0,0.11754173785448074
P12956,Q07820,1,0.6165157556533813
Q9P2H5,Q9UM11,0,0.04321165755391121
Q8TEY7,Q9Y6N7,1,0.4654413163661957
Q8TEY7,P32121,1,0.6146981716156006
Q9HBJ7,P37275,0,0.9071589708328247
P51784,P04350,0,0.014582379721105099
Q93009,Q8N6T7,0,0.4334789216518402
Q9UHP3,Q96DA0,0,0.3612337112426758
Q9UMW8,Q9Y6K9,1,0.967934250831604
Q0WX57,P51449,1,0.8795640468597412
Q96FW1,O95831,0,0.0052643767558038235
O00487,Q01860,1,0.7123159170150757
P51784,P37231,0,0.4607999622821808
Q70CQ1,P28360,0,0.08184053003787994
Q9Y2K6,P07550,1,0.9402220845222473
Q5D1E8,Q9Y297,0,0.48494410514831543
Q9Y2K6,P58304,0,0.11238391697406769
Q92995,Q07820,1,0.9710973501205444
Q9UK80,Q8WUY9,0,0.29748401045799255
Q93009,Q99496,1,0.9411577582359314
Q9Y2K6,Q96RU7,0,0.8557815551757812
O75317,P10275,1,0.7807788252830505
Q14694,Q5JVS0,0,0.004888561554253101
Q93009,Q12778,1,0.7173904180526733
Q9H0E7,Q13257,1,0.07269424945116043
Q9NQC7,Q13557,0,0.765312671661377
Q93008,Q7L5N1,0,0.20988741517066956
Q96FW1,P61088,1,0.23643086850643158
Q93009,Q16665,1,0.876323938369751
Q9HBJ7,Q16777,1,0.9496880769729614
O75604,Q96EB6,1,0.9297066926956177
Q93008,Q92667,0,0.6105213165283203
Q13107,Q08999,1,0.9981618523597717
P51784,P98170,1,0.8950046300888062
Q93008,P60842,1,0.3093985915184021
Q13107,P99999,0,0.018706217408180237
Q93009,Q01831,1,0.9972565770149231
P54578,Q14457,1,0.9899899959564209
Q9Y6I4,P04637,1,0.9901247024536133
P40818,P08581,1,0.7329468727111816
Q93009,Q8IYW5,1,0.5470083951950073
Q9Y4E8,P08238,0,0.017400864511728287
Q6R6M4,O43623,1,0.945895791053772
P54578,Q86WI3,1,0.4889266788959503
Q93009,P26358,1,0.7822463512420654
Q6GQQ9,Q13546,1,0.38765308260917664
Q9UPT9,Q96GX2,0,0.03381682187318802
Q70CQ2,Q9Y2T1,1,0.7074422240257263
O75604,O15534,1,0.7600566148757935
Q14694,O00308,0,0.7267143726348877
Q9NQC7,Q13546,1,0.8050428032875061
Q70EL3,P12956,1,0.7772814035415649
Q93009,Q86VY4,0,0.04945268854498863
O75604,Q03431,1,0.8927355408668518
Q9NQC7,O43353,1,0.8320471048355103
Q5VVJ2,Q9BQA1,0,0.24575300514698029
Q9UPT9,Q9ULK2,0,0.3939899802207947
Q96RU2,Q969H0,1,0.8073275685310364
O94782,Q02535,1,0.8302698135375977
O00487,Q96JH8,0,0.7685227990150452
Q9UK80,Q13546,1,0.5278820395469666
P40818,Q969Q1,0,0.04993670806288719
Q9NQC7,Q09028,0,0.42183351516723633
Q9UPT9,P62807,1,0.9911661744117737
O75604,O15151,1,0.9958832263946533
Q96BN8,Q15717,0,0.04681108146905899
Q93009,Q5VWX1,0,0.06714808195829391
P15374,O15315,1,0.5706822276115417
Q92995,Q14694,1,0.10202310234308243
Q96FW1,Q15843,0,0.2349623292684555
Q92560,P38398,1,0.9918708801269531
Q96FW1,P04637,1,0.9957025647163391
P51784,O14920,1,0.6441760659217834
Q93009,P06241,0,0.43141311407089233
Q9Y5T5,P0C0S8,1,0.9400439262390137
Q70CQ2,Q96PL5,0,0.8829677104949951
Q93008,A5PKW4,1,0.24414530396461487
Q9BXU7,P10275,1,0.7716648578643799
P54252,P78344,1,0.08209667354822159
P51784,Q9HC52,0,0.019393451511859894
P51784,P48059,0,0.8163742423057556
Q93008,Q9NWZ8,0,0.04875741899013519
Q13107,Q9NXH9,0,0.5115227699279785
Q9Y4E8,Q15797,1,0.9689220190048218
Q93009,Q13127,1,0.9721368551254272
P40818,Q9H3D4,0,0.9944467544555664
Q93008,Q96L34,1,0.5889657139778137
P45974,P04637,1,0.9932968020439148
Q93009,Q14527,1,0.5743328332901001
Q93008,Q12986,0,0.8238394260406494
P40818,Q96J02,1,0.865983247756958
P51784,Q96S59,1,0.7915194630622864
Q9Y5T5,Q16777,1,0.9269651174545288
Q93009,P54253,0,0.7918279767036438
Q6R6M4,P83916,0,0.014847613871097565
Q9NQC7,P78352,1,0.5944364666938782
O75604,Q13546,1,0.7055838704109192
Q9Y4E8,O95786,1,0.976396381855011
Q9BXU7,P0C0S8,1,0.9154564738273621
P21580,Q99683,1,0.9644625782966614
P51784,P78406,1,0.25508400797843933
Q93009,Q00987,1,0.9927000403404236
Q93009,O15151,1,0.9927000403404236
O75604,Q12933,1,0.9651423692703247
Q70CQ2,Q86UW9,0,0.9015715718269348
Q93008,Q9ULW3,0,0.003480677492916584
Q92905,P47710,0,0.0033337718341499567
Q96RU2,Q96RU2,0,0.2832685708999634
Q9UPT9,Q96S21,0,0.18124209344387054
Q86UV5,P04908,1,0.9039600491523743
P51784,P51587,1,0.9950372576713562
P51784,Q99496,0,0.9580578804016113
Q14694,Q14457,1,0.9903296232223511
P46736,Q63HR2,0,0.8636202812194824
Q13107,Q9P0M2,0,0.7879678606987
Q93009,Q8IX18,0,0.4409608542919159
P46736,Q6IN85,0,0.7089530825614929
Q96DX7,Q9BXX2,0,0.3471930921077728
Q14694,P27708,0,0.596152126789093
Q9NQC7,Q13490,0,0.9966253042221069
Q13107,Q15287,1,0.02627846598625183
P21580,P41240,0,0.9278395175933838
O94782,Q02363,1,0.76820969581604
Q14694,P62807,1,0.9896947145462036
Q9Y5K5,P35228,1,0.9113172888755798
Q9NQC7,P63104,0,0.03986014798283577
Q96G74,O00463,1,0.8293828368186951
Q13107,Q15306,1,0.8786484599113464
Q70CQ3,Q96E52,0,0.10160189867019653
Q9UMW8,P05161,1,0.0739307627081871
Q9UHP3,P50991,1,0.7234557271003723
Q9Y2K6,Q5T9A4,0,0.24956676363945007
P46736,P0C0S8,1,0.9504482746124268
Q93008,Q14166,0,0.805583655834198
Q96K76,O14867,0,0.22225582599639893
Q93009,Q9Y6K9,1,0.9595955610275269
Q86T82,Q9C005,0,0.10599863529205322
P54578,Q13309,0,0.542722225189209
Q9Y5K5,Q9UMS4,1,0.6229937076568604
O75317,Q9NZR4,0,0.1278967261314392
Q93009,Q8N9E0,0,0.11306462436914444
Q93009,Q9NZD8,0,0.0870160236954689
Q6R6M4,P30307,0,0.9374263286590576
Q93009,Q9NRC8,1,0.17322173714637756
P21580,P19838,1,0.9872130751609802
Q9Y2K6,Q86WV6,1,0.9987784028053284
P51784,P38936,1,0.9951738715171814
O75604,O14965,1,0.8500220775604248
Q9Y4E8,Q13546,0,0.9415459036827087
Q13107,Q8TAY7,0,0.7111909985542297
Q96FW1,P61077,0,0.7459582686424255
Q93009,Q92993,1,0.9877870678901672
Q8TEY7,Q13228,0,0.00323477596975863
Q96K76,O95863,1,0.48190999031066895
Q9Y4E8,P21796,1,0.9941839575767517
Q9Y6I4,P21589,0,0.43365469574928284
Q9NQC7,Q9Y520,0,0.05522121116518974
Q93009,P12004,1,0.9941283464431763
Q0WX57,Q92963,0,0.07581277936697006
Q13107,P15884,1,0.5769054293632507
Q93008,P84022,0,0.6858652830123901
Q13107,Q6ZMZ0,0,0.7643290758132935
Q96FW1,P84022,1,0.8245599865913391
Q9UK80,Q9Y2K6,0,0.0979103073477745
Q92560,Q16777,1,0.9655851721763611
P40818,Q9NR09,1,0.9575557708740234
Q93009,P10276,1,0.9853920340538025
O94966,O60337,1,0.9318310022354126
Q9Y6I4,Q9NZJ4,0,0.9994767308235168
Q9UK80,Q9UIF9,1,0.7976462841033936
Q9UK80,Q9BZS1,1,0.9841117858886719
Q93009,P42167,0,0.019947903230786324
Q96DC9,Q14258,0,0.8867487907409668
Q93008,P46937,1,0.8562082648277283
Q9UHP3,O00463,1,0.8421515822410583
Q53GS9,O95400,0,0.038078077137470245
Q13107,P04637,1,0.9845941066741943
Q70CQ3,Q8N594,0,0.4186481833457947
P54578,Q9Y281,0,0.01405191607773304
Q9HBJ7,O15194,0,0.7879411578178406
Q0WX57,Q92769,1,0.7964361310005188
P46736,O75971,0,0.14104266464710236
Q96K76,Q9UGP5,1,0.41000476479530334
P54252,Q14457,1,0.9910705089569092
Q9UK80,Q14680,0,0.9802232980728149
P35125,Q99750,0,0.45899447798728943
Q9NQC7,O60568,0,0.1078081950545311
Q9Y2K6,Q9BY84,0,0.9793279767036438
Q93008,Q9UHI6,0,0.4562774896621704
Q92905,O43623,1,0.925751268863678
Q96K76,P06746,1,0.27375900745391846
Q9UHP3,P05067,1,0.13403503596782684
Q9BXU7,O15105,1,0.9830635190010071
Q5VVJ2,P02545,0,0.1736913025379181
Q92995,Q14457,1,0.9960922598838806
Q93009,Q9UER7,1,0.9282929301261902
Q86T82,Q05516,1,0.6525353789329529
Q13107,Q4G0J3,0,0.261706680059433
Q0WX57,O95760,1,0.016413291916251183
Q92560,Q9P0N8,0,0.8161996603012085
Q8TEY7,Q96AG4,0,0.6067436337471008
Q96RU2,O96017,1,0.7990479469299316
Q9Y5K5,P62805,0,0.0035506142303347588
Q9NQC7,P04629,1,0.4533991515636444
Q92560,P21912,0,0.07125447690486908
Q9UK80,O14503,0,0.565463662147522
A6NNY8,O43521,1,0.04869207739830017
P40818,P04629,1,0.4961835443973541
Q96RU2,Q9HCX3,1,0.6332463622093201
Q93008,Q09472,0,0.06921031326055527
Q9Y4E8,P25963,1,0.835046112537384
Q9Y4E8,Q16778,1,0.9923439621925354
Q5D1E8,Q13155,0,0.0011290056863799691
Q93008,Q9UBV8,0,0.29507574439048767
Q93009,O43175,0,0.19277307391166687
Q92560,P0CG48,0,0.010645297355949879
Q93008,P28070,0,0.2645300030708313
Q9BXU7,P42771,0,0.6650269031524658
Q96BN8,Q9Y6K9,1,0.9659394025802612
Q9Y4E8,P62280,0,0.0005559090059250593
Q96JH7,P29034,0,0.02694017067551613
P40818,Q8NEM0,1,0.985305905342102
P54252,Q07812,1,0.9835870862007141
Q93008,Q13489,0,0.9686908721923828
Q8TEY7,P07550,1,0.9931321740150452
Q93008,Q9H814,0,0.4942421615123749
P51784,P13010,0,0.3865440785884857
Q93009,Q9UPP1,1,0.7555924654006958
Q9Y4E8,Q13501,1,0.2593997120857239
Q9Y4E8,P62807,1,0.9923061728477478
Q14694,Q9Y4P1,0,0.2163373976945877
Q14694,Q9Y6K9,1,0.9554422497749329
P21580,P23378,0,0.9972746968269348
Q9Y5K5,P63220,0,0.044163648039102554
Q93008,Q9UM11,0,0.4238208532333374
Q13107,O14920,0,0.9814530611038208
Q93008,O95999,1,0.7375605702400208
O94966,Q13114,1,0.9327643513679504
Q53GS9,Q96GD4,1,0.9294946193695068
Q9Y5K5,Q99835,1,0.9970371723175049
Q96RU2,Q9HAW4,1,0.9982168078422546
Q9UK80,P61981,0,0.07348861545324326
Q9Y2K6,Q9Y4K3,1,0.9807206988334656
Q6GQQ9,Q99558,0,0.9815614819526672
Q93009,P14618,0,0.9760594367980957
Q5VVQ6,Q92890,0,0.7015933394432068
Q9Y4E8,O95140,1,0.9964689016342163
Q96RU2,P15907,0,0.9494850039482117
A6NNY8,Q14469,1,0.8823897242546082
Q93008,P20700,0,0.14003433287143707
P54252,P17987,0,0.18112649023532867
P51784,O43166,0,0.9164618253707886
P21580,Q14457,1,0.9986304044723511
Q96DC9,P32246,0,0.9899506568908691
Q504Q3,Q9Y294,1,0.04001196473836899
P21580,Q15628,0,0.9281483888626099
O75604,Q8HWS3,0,0.8254513144493103
Q5VVQ6,Q96D03,0,0.9996217489242554
Q9P2H5,Q8NFZ5,1,0.0019006839720532298
Q9NQC7,P46459,0,0.3365035355091095
Q9Y5K5,P36897,1,0.9774138927459717
Q9UMW8,Q9BYV2,0,0.15664976835250854
Q93009,Q13546,1,0.8859133124351501
P45974,Q08050,1,0.9443235993385315
Q70CQ3,O95140,1,0.9960917830467224
P40818,P51168,0,0.9875096678733826
Q70EK9,Q9Y5K6,0,0.3348565399646759
Q96K76,Q9H668,0,0.01125272922217846
Q6GQQ9,Q8NFZ5,0,0.0011498047970235348
Q9Y5T5,Q9Y5T5,0,0.049870815128088
Q9P2H5,Q86WV6,0,0.9989498257637024
Q9UK80,O95760,1,0.028183847665786743
Q5D1E8,P0CG48,0,0.010447200387716293
P09936,Q16620,1,0.8316423296928406
P40818,P17302,1,0.1814473271369934
A6NNY8,Q96J02,0,0.8892061114311218
P21580,Q13158,0,0.7384247779846191
Q70EL3,Q9NQ29,0,0.039044786244630814
P54252,P04637,1,0.9748317003250122
Q93009,P10275,1,0.9537472724914551
Q86UV5,O75367,0,0.8610815405845642
Q13107,P51784,0,0.057304251939058304
Q14694,P13569,1,0.9961543679237366
Q96DC9,Q13625,0,0.8426797986030579
Q9Y2K6,Q16665,1,0.8600678443908691
Q14694,Q96HY6,0,0.010568134486675262
Q96DX7,Q9Y577,1,0.420479416847229
Q14694,P04637,1,0.96598881483078
Q9Y5T5,Q8WVF1,0,0.9425437450408936
Q9Y4E8,O60256,0,0.009780536405742168
Q96G74,P24928,0,0.9787911176681519
O75604,Q9UBB9,0,0.3462764322757721
Q6R6M4,Q92769,0,0.8003715872764587
Q93008,P11308,1,0.9404245615005493
Q9Y6I4,P01106,0,0.9965569972991943
Q5VVQ6,Q15717,0,0.9630066156387329
P62068,O60346,1,0.9987993240356445
Q93008,Q99683,1,0.8771859407424927
Q93009,Q16254,0,0.9938046932220459
Q6R6M4,O95760,0,0.01609332114458084
Q9Y4E8,Q9UKN8,0,0.0020316734444350004
Q13107,P06400,1,0.998675525188446
P46736,O95271,1,0.604056715965271
P40818,P55085,1,0.9975306391716003
Q93008,Q9C0B0,0,0.9910036325454712
P54578,O14920,1,0.9645636081695557
Q96FW1,Q15796,1,0.8082525134086609
O94966,Q92828,1,0.3840663433074951
Q9NQC7,Q13618,0,0.5456965565681458
Q9UPT9,P49848,0,0.3953823745250702
Q9NQC7,P53350,1,0.9368460178375244
Q9UMW8,Q15750,1,0.8426558971405029
Q9Y2K6,P29371,0,0.9825571179389954
Q9UMW8,Q9HCE1,0,0.5995659232139587
Q9UPT9,Q16777,1,0.963114321231842
P54252,O15379,1,0.9318861365318298
Q6R6M4,Q92819,1,0.8379583358764648
P54578,O14641,1,0.9571216106414795
Q9Y5K5,P58107,0,0.004003497771918774
Q5VVQ6,P55072,1,0.9988858103752136
Q86T82,Q12834,0,0.5189296007156372
P15374,P30837,0,0.006192127242684364
Q9Y5E6,Q13433,0,0.16748803853988647
Q9H0E7,Q16778,1,0.9898726940155029
Q6R6M4,P11802,0,0.47670161724090576
Q86T82,P78396,1,0.9687992334365845
Q9Y6I4,P16104,1,0.9795447587966919
Q9NQC7,P02538,0,0.0015858587576076388
Q0WX57,Q9Y256,1,0.9999866485595703
Q13107,O43395,1,0.0006567417294718325
Q9UPT9,O43169,0,0.15696342289447784
Q9BXU7,O43663,1,0.9993301630020142
Q14694,Q03518,1,0.9883689880371094
Q13107,P61421,0,0.4600134789943695
Q13107,P59942,0,0.003813505172729492
Q92560,Q13435,0,0.001448077498935163
Q93008,Q5T4S7,0,0.8303375244140625
Q9NQC7,P20749,1,0.8231151103973389
Q9UPU5,P49407,0,0.9887455105781555
Q93009,O00463,0,0.8570435047149658
Q9UPT9,P48431,1,0.8642113208770752
Q93009,Q92963,0,0.1206691712141037
Q70CQ3,O95831,0,0.012680736370384693
Q9NQC7,Q9NZN5,1,0.9551265239715576
P54578,Q7Z406,0,0.012945784255862236
O00487,O95863,1,0.8602637052536011
Q9P275,Q9Y570,1,0.7137756943702698
Q9UK80,Q9H9S0,1,0.9463274478912354
P35125,Q14CW9,0,0.01877601630985737
Q93008,Q15154,1,0.9978182315826416
P54578,Q9BR76,0,0.6148310303688049
Q93009,P52294,0,0.01612546294927597
Q9H9J4,P14780,1,0.8841319680213928
Q70CQ3,Q8IXI2,1,0.4744023382663727
Q96G74,P04637,1,0.9772658944129944
P45974,P12004,0,0.9918286204338074
P40818,O15554,1,0.681634247303009
O95630,P17302,1,0.05953432247042656
Q6R6M4,P0CG48,0,0.008694266900420189
Q92995,P54277,0,0.8137902617454529
O75604,Q96MT8,0,0.2770586907863617
Q9Y4E8,Q2NL82,0,0.9260200262069702
Q96RU2,O75409,0,0.03701746091246605
Q9Y2K6,Q3KQU3,0,0.005256998352706432
Q5VVJ2,P0C0S8,1,0.7529075145721436
Q9UPT9,Q14469,1,0.9447360634803772
O94782,P27482,0,0.09591513127088547
Q9H3M9,Q969Q1,0,0.15850655734539032
Q93009,P49750,0,0.13952668011188507
Q13107,P62195,0,0.37088891863822937
Q93009,P04198,1,0.5068013668060303
Q86T82,P01106,1,0.8508327603340149
Q14694,P61964,0,0.280172199010849
O94966,Q92769,1,0.6992785930633545
P51784,Q92499,0,0.5064682960510254
P21580,Q9UK99,0,0.9547996520996094
Q6R6M4,O95786,1,0.8744787573814392
Q93008,P04637,1,0.9652719497680664
Q9UHP3,P63279,0,0.7630739212036133
O00507,Q13485,1,0.9070077538490295
Q9NQC7,O95786,1,0.9692729711532593
Q86UV5,Q6FI13,1,0.9511724710464478
Q92560,P51610,1,0.5590834021568298
Q9UPT9,P0C0S8,1,0.9763154983520508
Q9UPT9,P35226,1,0.9380829334259033
Q13107,P51449,1,0.9728612303733826
Q9Y4E8,Q9HAU4,1,0.7336858510971069
Q9Y2K6,O15049,0,0.06079213321208954
P54252,P35580,0,0.07605138421058655
P51784,Q9H0Y0,0,0.6140977144241333
Q9UPU5,Q9NWS0,0,0.31164219975471497
Q86T82,P30260,0,0.39578986167907715
O95630,Q15796,0,0.8746283054351807
Q8NB14,Q9UHD2,1,0.9254980683326721
P54252,Q92934,1,0.05944642797112465
Q93008,Q86YT6,1,0.48620128631591797
Q14694,P42771,1,0.5774255394935608
Q9P275,O95602,1,0.016252627596259117
Q70EL3,P30291,1,0.6257514953613281
Q70EL2,Q8N5C6,0,0.9625239372253418
Q93009,Q53GI3,0,0.9781261086463928
Q14694,O15084,0,0.7518616914749146
Q93009,P54252,0,0.5358190536499023
Q5D1E8,Q9BYV6,0,0.2590792179107666
Q14694,Q7Z2W7,0,0.2251787930727005
Q93008,P42345,1,0.08838730305433273
Q96K76,Q06330,0,0.43463000655174255
Q93008,Q8IYB3,0,0.07971052080392838
P51784,P61956,0,0.1292034089565277
Q9Y5K5,P35527,0,0.007824809290468693
Q96G74,O95071,1,0.3122561573982239
Q96FW1,P10636,1,0.006256627384573221
Q9P275,Q9BYG3,0,0.6675572395324707
Q93009,O14773,1,0.7808057069778442
P15374,Q15797,1,0.9377695322036743
Q13107,Q02556,1,0.8220109939575195
P09936,Q9GZV3,1,0.9950237274169922
Q93008,P43403,1,0.8786715865135193
Q9Y4E8,Q9NRL3,0,0.8684108257293701
Q9NQC7,P39019,0,0.22995182871818542
Q93008,P37840,1,0.46305030584335327
Q9NQC7,Q9UHD2,1,0.9687745571136475
P40818,Q9NZQ7,0,0.9015616178512573
O75317,Q9BQQ3,0,0.6660640835762024
Q9UPT9,P14635,1,0.8165375590324402
O75604,Q9UBU9,0,0.03384567052125931
Q5T2D3,Q13045,0,0.05089529976248741
Q5VV17,Q13546,0,0.9499001502990723
Q9NQC7,Q9Y4K3,1,0.9641678929328918
Q93009,Q9Y4H2,1,0.997093677520752
Q6GQQ9,Q7L775,0,0.8873060941696167
Q86T82,P40305,1,0.012879936024546623
Q6R6M4,Q00534,0,0.5187623500823975
Q96FW1,P30566,0,0.153702974319458
O94782,O60346,1,0.9983505010604858
Q93008,Q96EK5,0,0.7667226195335388
Q9UPT9,Q86WV6,1,0.9121529459953308
O75604,P51168,1,0.43684160709381104
Q93008,Q07820,1,0.994042694568634
P21580,P63104,0,0.03586018085479736
Q93008,P61247,0,0.2027677297592163
Q93009,P29590,1,0.9583727717399597
Q93008,O00327,1,0.760637640953064
Q96G74,Q12933,1,0.9627566933631897
O94966,Q0VGL1,0,0.013147817924618721
P51784,Q6ZQN5,0,0.9982494711875916
P45974,Q9NZQ7,0,0.7200274467468262
P54252,P11441,0,0.4435180425643921
Q92905,Q16584,0,0.20339374244213104
Q8TEY7,Q92813,1,0.9415748715400696
Q9NQC7,Q9H936,0,0.859602689743042
P51784,O15111,1,0.8208432793617249
Q9Y4E8,P25054,1,0.10980737954378128
Q70CQ1,P62807,1,0.9962185025215149
Q9UPT9,Q8NBE8,0,0.32900330424308777
O00487,P04626,1,0.9310535192489624
P46736,Q9UII4,0,0.6241185665130615
Q6R6M4,P30304,1,0.02348853275179863
Q9Y4E8,Q15796,1,0.767559289932251
P21580,Q9Y4X5,0,0.11559560149908066
Q93008,Q9HCE7,1,0.75412517786026
Q9Y2K6,P11310,0,0.040256064385175705
P54252,O60260,1,0.08380148559808731
Q9Y4E8,P46781,0,0.10618153214454651
P62068,Q16778,1,0.9962552785873413
Q96RU2,Q92560,0,0.4092021584510803
P40818,Q01628,0,0.8334869742393494
Q5VVJ2,Q16777,1,0.75052410364151
Q96FW1,Q13490,1,0.8410831093788147
Q13107,P35222,1,0.9943357110023499
P21580,Q12933,1,0.9167393445968628
Q86T82,P20248,1,0.8999040722846985
Q9NQC7,Q12933,1,0.9574823379516602
Q9UPT9,O75478,0,0.014927931129932404
Q93008,O15054,0,0.06479459255933762
P09936,P08238,0,0.009650614112615585
O75317,P62993,0,0.4691644608974457
Q13107,Q13485,1,0.9703406095504761
Q13107,Q8IZD4,0,0.15047098696231842
Q9NQC7,O43318,1,0.97934889793396
Q13107,Q6NVV7,0,0.3292890787124634
Q0WX57,Q9H7L9,1,0.9765911102294922
Q13107,O95786,1,0.9672796726226807
Q9UHP3,Q13829,0,0.6440460085868835
O75604,Q00653,0,0.8107525706291199
Q96DC9,Q13114,1,0.7392076849937439
Q14694,Q9Y230,0,0.36725640296936035
Q9UPT9,P61981,0,0.037680722773075104
Q93009,Q9H568,0,0.8221549391746521
Q93008,P61960,0,0.974513590335846
Q8TEY7,O43303,1,0.007040755357593298
Q13107,Q9NYP9,0,0.2716017961502075
Q9Y6I4,P0C0S8,1,0.976952314376831
Q13107,P31947,0,0.06300882995128632
O94966,O14593,0,0.6425578594207764
O00487,Q8NBP7,0,0.0194692462682724
Q9Y6I4,P49327,0,0.9969258904457092
Q9UMW8,P49116,1,0.9502261877059937
Q9Y4E8,P28070,0,0.005188536364585161
Q93009,Q9UM11,0,0.045157287269830704
Q93008,Q96B67,0,0.2599875330924988
O75317,P0C0S8,1,0.9724888205528259
Q93009,P14373,1,0.3920726776123047
Q92995,Q92890,0,0.008842919021844864
Q0WX57,P01116,0,0.05720747262239456
Q13107,P28749,1,0.9955164790153503
Q93009,Q6PIJ6,0,0.7444418668746948
Q86T82,P0C0S8,1,0.9658123850822449
P45974,Q86WV6,1,0.9294365048408508
O75604,Q16526,1,0.35087913274765015
Q93009,P62807,1,0.9944964051246643
O94966,P27695,0,0.6206991672515869
Q9NQC7,O14640,1,0.9748698472976685
O94966,Q9H0D6,0,0.00583099527284503
P21580,Q16625,1,0.9734188318252563
Q93009,P04629,0,0.9395649433135986
P09936,Q16665,1,0.9856309294700623
Q9BXU7,Q00987,1,0.9950350522994995
P51784,Q14135,1,0.04537750408053398
P40818,P00533,1,0.850881040096283
P45974,Q86U42,0,0.14336274564266205
Q93009,Q96PK6,0,0.035993967205286026
Q86UV5,Q12933,1,0.839461088180542
Q13107,Q9UK80,0,0.087993323802948
Q96FW1,Q9H0F6,0,0.1049027368426323
Q9UHP3,O95271,1,0.9906914830207825
Q9Y6I4,Q16777,1,0.9775238037109375
P21580,Q9BVS4,0,0.06469027698040009
Q13107,P18754,0,0.5433564186096191
Q9Y4E8,Q92560,0,0.2227279394865036
Q93009,P31947,0,0.03419293835759163
O75604,P24385,1,0.9157648086547852
P21580,P04637,1,0.9795874357223511
Q9Y2K6,Q16659,1,0.7857194542884827
P51784,Q01831,1,0.9999868869781494
Q14694,P60484,1,0.8948253393173218
Q92905,P43354,0,0.969997227191925
Q6R6M4,P35222,0,0.9867753982543945
Q9Y6I4,Q9H9S0,1,0.9312466382980347
Q9NQC7,P36897,1,0.9904381632804871
Q96G74,P54652,0,0.029849553480744362
Q14694,P54646,1,0.7829934358596802
Q93008,P14921,1,0.9229006171226501
Q86T82,P35244,0,0.16350789368152618
Q13107,P62312,0,0.037274859845638275
Q96FW1,Q00325,0,0.8469557762145996
Q93009,Q9NRI5,0,0.07317288219928741
Q5T2D3,P60484,1,0.9635294675827026
Q92995,P11441,1,0.127960205078125
Q9Y4E8,Q14145,1,0.16184838116168976
Q9UPU5,Q92466,1,0.40160149335861206
P51784,Q9Y463,0,0.6553736925125122
Q13107,Q9Y4K3,1,0.9388923645019531
Q70EK9,P04908,0,0.9726111888885498
P51784,O43663,1,0.9992488026618958
Q93009,P19838,1,0.9001650214195251
Q86T82,P78347,0,0.9739648103713989
Q93008,P35222,1,0.9896513223648071
Q93009,Q96T88,1,0.5928999185562134
Q96RU2,P63167,0,0.06150480732321739
Q9P2H5,Q8NB14,0,0.16434380412101746
Q96G74,P28799,0,0.14654339849948883
Q9P275,Q8NG27,0,0.3787606656551361
Q13107,Q92769,1,0.5631412267684937
Q92560,O15294,1,0.028846178203821182
Q93009,Q16526,1,0.30032113194465637
O94966,Q14457,1,0.9946658611297607
P40818,P01116,0,0.06749647855758667
P21580,Q58EX2,0,0.9885544180870056
P40818,Q8TCQ1,0,0.4390893876552582
O75317,Q16777,1,0.9730569124221802
P40818,Q15257,0,0.31718581914901733
O94966,Q13489,1,0.621721088886261
Q9NQC7,Q9NPH5,1,0.9918264150619507
Q93009,Q13616,0,0.1409521847963333
P40818,P42226,0,0.2971942722797394
Q93009,Q96RK0,0,0.5778184533119202
P40818,O60260,1,0.12103373557329178
Q9Y4E8,Q14258,1,0.05430876836180687
Q8TEY7,Q99814,0,0.9308961629867554
Q93009,Q8IXJ9,1,0.8628028631210327
O75604,P19438,0,0.4655759036540985
Q9UHP3,Q13114,1,0.906253457069397
Q9H0E7,P41208,0,0.1068418025970459
Q96RU2,P10275,0,0.9918385148048401
P40818,Q16665,1,0.9761573076248169
Q70CQ3,Q15388,1,0.20024564862251282
Q92560,P0C0S8,1,0.9615880846977234
Q92905,O95863,1,0.8969776034355164
Q14694,Q9Y4K3,1,0.8979384899139404
P54578,Q96GD4,1,0.8949386477470398
Q9UK80,Q16777,1,0.9741767644882202
Q9UPT9,A6NNY8,0,0.030187930911779404
P21580,Q13546,1,0.9305136799812317
O75604,Q9UK80,0,0.07283642143011093
Q9NQC7,P08727,0,0.3113103210926056
Q96DC9,Q9Y4K3,1,0.9448675513267517
Q9NQC7,Q14152,0,0.00021809228928759694
Q9UPT9,P09467,1,0.005139318760484457
P15374,Q3KRB8,0,0.5525693297386169
O75317,P62807,1,0.9960446357727051
Q93008,Q9NRM7,1,0.7679150700569153
Q93009,O43684,1,0.2964276373386383
Q9Y4E8,Q7Z569,1,0.2278003692626953
Q96FW1,P27694,1,0.011471960693597794
Q13107,Q9NQB0,0,0.7715826630592346
Q9Y4E8,Q13127,1,0.9622310400009155
Q93009,Q49AN0,1,0.30032113194465637
Q8TEY7,Q96F46,0,0.8088551759719849
Q9Y4E8,Q15020,1,0.04899057373404503
Q14694,O95863,0,0.9813504219055176
Q9Y4E8,Q14525,0,0.017775509506464005
P54578,Q13813,0,0.0027415230870246887
Q6R6M4,O95863,1,0.9770922660827637
O94966,Q15393,0,0.9799408316612244
Q92560,P26367,0,0.4259856343269348
P40818,Q15717,0,0.012662838213145733
Q96RU2,Q12888,1,0.9995682835578918
Q93009,P30153,0,0.387918621301651
P40818,P21860,1,0.9702238440513611
Q9Y4E8,Q8WWY3,1,0.09018274396657944
Q9UPT9,P01106,1,0.8604323267936707
P09936,O75460,0,0.9705712795257568
Q13107,P36897,1,0.9518945813179016
P54252,Q71U36,0,0.00764520512893796
P54578,Q9UBS5,1,0.9557251334190369
Q8NB14,A6NHT5,0,0.17911024391651154
A6NNY8,Q86TJ2,0,0.03799502179026604
Q92995,Q9BYV6,0,0.025834016501903534
Q70CQ1,P08709,0,0.8464446067810059
P40818,Q14493,0,0.10987984389066696
Q96RU2,O14965,0,0.8445889949798584
Q9H0E7,O15182,0,0.07448753714561462
Q9UHP3,P04234,1,0.04541930928826332
O95630,P11498,0,0.06692508608102798
Q93008,Q9NYV9,1,0.8661436438560486
P40818,Q9H4P4,1,0.4997389018535614
Q93009,O14965,1,0.8109889626502991
O75604,P08253,1,0.9561824798583984
O94966,P19474,0,0.7646142244338989
Q9UPT9,Q12962,0,0.12257254123687744
Q9Y4E8,O60496,0,0.6830522418022156
P54252,Q9UNE7,1,0.07133863121271133
O75604,Q9Y3B9,0,0.7089853286743164
Q92560,Q8NB78,0,0.8811537027359009
Q93009,Q8NG27,0,0.09531988948583603
Q9Y6I4,O14757,1,0.7937291264533997
Q93009,O43463,0,0.877366304397583
Q9UK80,Q8IUH3,0,0.017791511490941048
Q93009,Q9H992,1,0.6399707794189453
Q8TEY7,O75694,0,0.9197506904602051
Q14694,P0C0S5,1,0.8528174757957458
Q93009,Q07866,0,0.06148819997906685
O94966,Q15773,0,0.11979106813669205
Q9Y4E8,O75150,0,0.12622115015983582
O95630,P55085,1,0.9611733555793762
Q0WX57,P09936,0,0.42564964294433594
Q5D1E8,O43474,1,0.9520060420036316
Q96FW1,O95863,1,0.9353715777397156
O94782,P20930,0,0.055221620947122574
Q96RU2,O60341,1,0.7285439372062683
Q5D1E8,Q13546,1,0.9297766089439392
Q9P275,P01106,1,0.8627136945724487
O75604,Q96CV9,0,0.99864262342453
Q13107,Q9H6E5,0,0.7907597422599792
Q70CQ1,Q13451,1,0.47139987349510193
O94782,Q13114,0,0.9819251298904419
P62068,P63104,0,0.04850084334611893
Q93009,Q13547,0,0.7331521511077881
Q9NQC7,P39023,0,0.03738359361886978
Q93008,P04626,1,0.8884671926498413
Q9UK80,Q14966,0,0.18505215644836426
Q96FW1,Q9Y4K3,1,0.9885918498039246
Q96G74,Q8TE49,0,0.07597217708826065
Q93009,Q9UNF1,0,0.04301512986421585
Q93008,Q86YR5,1,0.7180951237678528
Q93008,Q53EZ4,1,0.23138143122196198
Q70CQ2,Q8IYW5,1,0.7406888008117676
O94966,Q5XPI4,1,0.9606509804725647
P40818,P42566,1,0.8335400819778442
Q93009,Q96EY1,0,0.12096691131591797
Q93009,Q9BZS1,1,0.9134673476219177
Q92905,Q5VUJ6,0,0.27155646681785583
Q93008,Q9Y5Q9,0,0.6144126057624817
Q92560,Q13887,1,0.9168364405632019
Q96RU2,P04637,1,0.9626043438911438
Q9Y2K6,Q92813,1,0.9389480352401733
P54578,Q12874,0,0.9434917569160461
Q93009,Q9Y253,1,0.9139475226402283
Q6R6M4,O14965,0,0.534995436668396
Q96G74,O14737,1,0.001440928434021771
Q9NQC7,Q8TEQ6,0,0.9769850969314575
Q93008,P00533,0,0.9482522010803223
Q9UK80,P23771,1,0.7821851968765259
O94782,Q9BXW9,1,0.37483665347099304
P09936,P19013,0,0.010022768750786781
Q13107,Q15118,0,0.21075022220611572
Q9Y4E8,Q16637,0,0.16161584854125977
Q93009,Q9HAW4,1,0.9999674558639526
Q93009,O60341,1,0.7027527689933777
O75604,Q9H5J4,1,0.20529495179653168
Q9H0E7,Q16777,1,0.9673967957496643
Q9UPT9,P35354,1,0.8586822152137756
O94966,Q13547,1,0.8099867105484009
A6NNY8,Q96B97,0,0.33973267674446106
Q96K76,Q99543,0,0.0077607231214642525
Q93009,P0CG48,0,0.16778568923473358
O75317,Q16778,1,0.995179295539856
P09936,P04637,1,0.9847047328948975
O94966,Q13309,0,0.013951078057289124
O94782,P41134,1,0.8922459483146667
Q93008,Q5TC82,0,0.30087000131607056
Q70CQ1,Q9H0E7,0,0.5043566226959229
Q9Y4E8,Q9Y4E8,0,0.026237349957227707
Q9NQC7,Q6Q0C0,1,0.8386914730072021
Q96G74,Q96MU7,0,0.027317559346556664
Q96FW1,Q7Z6W7,0,0.2488066554069519
P21580,Q9BZR9,0,0.0966862216591835
Q9UMW8,Q15751,0,0.27011802792549133
P40818,Q99835,1,0.9962208867073059
P40818,Q92963,0,0.036074671894311905
P21580,Q9UBU9,0,0.07968351989984512
Q93009,Q8TBX8,0,0.9324954748153687
Q9UK80,P51587,1,0.0013561659725382924
Q8TEY7,P43307,0,0.7810590267181396
Q9UHP3,P02795,0,0.002360500395298004
Q9UPT9,P14780,1,0.9597413539886475
Q6GQQ9,P03372,0,0.921957790851593
P40818,Q8NCE0,0,0.3299287259578705
Q70EK9,P62807,1,0.986458957195282
P51784,P35226,1,0.8271427750587463
O75317,Q6ZVD8,1,0.8689947724342346
Q14694,Q9NQC7,0,0.3367266356945038
Q93009,Q9Y592,0,0.0002780924551188946
Q9Y4E8,Q9Y4K3,0,0.9859139919281006
Q9Y4E8,O15111,1,0.9382987022399902
Q9H9J4,P62807,1,0.9907212257385254
Q92995,Q96A84,0,0.7406096458435059
P09936,P00441,0,0.4383436441421509
O94966,Q13490,1,0.790992259979248
Q13107,P62937,1,0.2598344683647156
Q9Y6I4,P38405,0,0.5430818796157837
Q9Y2K6,Q969F0,0,0.17333537340164185
Q93009,P08151,1,0.9816324710845947
Q504Q3,P21695,0,0.8008579015731812
Q9H0E7,Q70CQ1,0,0.5741106271743774
Q9Y2K6,O75943,1,0.020818909630179405
Q93009,Q92611,0,0.2488217055797577
Q13107,O43318,1,0.9311789274215698
Q9UPT9,O43795,0,0.004278362728655338
P40818,Q9BYB0,1,0.28324568271636963
Q93008,P12830,1,0.9687111973762512
P21580,Q92985,1,0.7940015196800232
Q70CQ2,O15169,1,0.5024949312210083
Q9NQC7,Q14574,0,0.9211642742156982
Q9Y4E8,Q9BYM8,0,0.009057399816811085
Q9Y6I4,A8TX70,0,0.3680404722690582
P51784,P23443,0,0.6739301681518555
Q92995,Q13309,1,0.007216791156679392
Q13107,P49458,0,0.045701101422309875
O94782,P19013,0,0.009746802970767021
Q13107,O94966,0,0.0748567134141922
Q96RU2,O60763,0,0.08197788149118423
Q9HBJ7,Q6PCD5,0,0.18524008989334106
Q96G74,Q13114,1,0.9847844839096069
O75317,Q53GS9,0,0.013014712370932102
Q92560,Q14CZ0,0,0.5583385825157166
Q9Y5K5,Q53TQ3,0,0.005607100203633308
Q13107,P29274,1,0.9071953892707825
Q9UK80,Q6A162,0,0.007785090710967779
P54252,P29466,0,0.65982586145401
P45974,Q9UBT2,0,0.25641360878944397
Q9Y4E8,Q00987,1,0.9953985810279846
Q9UK80,O95786,1,0.9863147735595703
Q13107,Q7Z6Z7,1,0.8453823924064636
Q14694,Q9UL17,1,0.4149988889694214
P51784,P16104,1,0.9520464539527893
Q92995,Q9Y5K8,0,0.014554155059158802
Q5VVQ6,Q96J02,1,0.9805324673652649
Q93008,Q16665,0,0.9485459327697754
Q9Y4E8,P36894,1,0.8917471170425415
O75604,P51170,1,0.7194976210594177
Q6GQQ9,Q9Y4K3,1,0.9819639921188354
Q93008,Q13485,1,0.9202067852020264
Q9P2H5,Q96GD4,1,0.7723245620727539
O75604,P36776,0,0.20389333367347717
Q93008,O43865,0,0.8976114392280579
Q9P275,Q9H6R0,1,0.5733460187911987
Q96FW1,Q08050,1,0.9608650803565979
Q86UV5,Q9H078,0,0.2095097303390503
O75317,Q8TBZ3,0,0.38716575503349304
Q6R6M4,Q9Y256,1,0.9999698400497437
Q96G74,Q15843,0,0.3576542139053345
Q9P275,P49703,0,0.26847660541534424
Q70EK9,Q9UK80,0,0.046853240579366684
P09936,P23508,0,0.14507436752319336
Q6R6M4,P16104,1,0.8823479413986206
P21580,Q13137,1,0.6040775179862976
P09936,Q9BVA1,0,0.17233474552631378
Q9UMW8,P60484,1,0.9524515271186829
Q70CQ3,O94826,1,0.1620052456855774
O75317,Q6P1J9,0,0.0005759863997809589
Q9NQC7,O75762,0,0.8683102130889893
Q9NQC7,Q96AX9,1,0.9703510403633118
P51784,P41250,0,0.050700750201940536
O75604,Q00987,1,0.9959449172019958
Q9UHP3,Q14315,0,0.004418518859893084
P35125,P14780,1,0.9832023978233337
Q93008,O00571,0,0.8899196982383728
Q14694,Q13131,1,0.9473982453346252
Q92995,P60484,1,0.9806791543960571
Q93009,P04637,1,0.9638654589653015
P40818,Q01151,0,0.840838611125946
Q13107,Q8WWY3,1,0.08895525336265564
Q9Y5T5,P11182,0,0.031232943758368492
Q93008,Q969H0,1,0.7934077978134155
Q9Y4E8,Q07955,0,0.10649188607931137
Q9NQC7,O15105,1,0.9940937161445618
P46736,Q93009,0,0.07881399244070053
O75604,P60903,0,0.027358388528227806
P45974,Q9Y5Q3,1,0.9601201415061951
Q93008,O43524,1,0.7830779552459717
P40818,P61981,0,0.03764636442065239
Q93009,P35568,1,0.9917100071907043
Q9Y4E8,Q8N6T7,0,0.5578349232673645
Q93008,Q12809,1,0.8692827224731445
Q9Y4E8,P42574,1,0.769801139831543
P51784,P36897,1,0.9447207450866699
Q93009,Q9GZX7,0,0.0667048990726471
Q13107,Q5SZD1,0,0.18014295399188995
Q93009,Q03468,1,0.7168695330619812
O75604,Q9NYA3,0,0.0011890374589711428
Q9Y6I4,Q9H496,0,0.5204692482948303
P09936,Q9NPH5,1,0.9913082718849182
Q93008,P50542,1,0.34583839774131775
Q9Y5T5,P62280,0,0.008376396261155605
Q9HBJ7,P04637,1,0.9745980501174927
Q9BXU7,P54819,0,0.04694266989827156
P51784,P04637,1,0.9632927775382996
Q70EL3,P11717,0,0.9745689630508423
Q14694,P09132,0,0.8687978386878967
P09936,Q14721,0,0.9830018877983093
P54578,Q9NYJ8,1,0.2497975081205368
P35125,P05412,1,0.9184027314186096
Q0WX57,P00533,0,0.8685620427131653
Q9Y5T5,Q16778,1,0.993347704410553
Q93009,Q9NSA3,1,0.4064711332321167
P54252,Q13501,0,0.9365281462669373
Q9H9J4,P04637,1,0.9517967104911804
P40818,Q15323,0,0.017983483150601387
Q93009,O43524,1,0.805030345916748
Q9UPT9,Q7KZF4,0,0.04942632466554642
Q9P275,O15479,0,0.03223362937569618
O75604,P37088,1,0.84014892578125
Q70CQ3,P21796,1,0.9831742644309998
Q14694,P06748,0,0.8530057668685913
Q96FW1,Q8TB45,1,0.9858168363571167
Q9BXU7,Q16635,0,0.13182592391967773
Q93008,O60285,1,0.7853720784187317
Q9H0E7,Q9NQ50,0,0.004265616647899151
Q93008,Q8NAP3,1,0.9295969009399414
Q9Y6I4,Q96RL1,1,0.4150125980377197
O75604,P49327,1,0.05460704118013382
Q86T82,Q9H211,1,0.9562537670135498
Q93008,Q15797,1,0.5287173390388489
Q9UMW8,O43318,1,0.9176117777824402
Q9UK80,Q86WV6,1,0.9439514875411987
Q93008,Q96RU7,1,0.738466203212738
Q70CQ1,Q92598,0,0.05796343833208084
Q92995,Q9HB71,0,0.799761950969696
Q96FW1,Q96FJ0,0,0.00827553030103445
Q8TEY7,P49407,1,0.9495033621788025
Q96RU2,Q16665,1,0.6866479516029358
O75317,P58304,0,0.060468923300504684
P12956,P09086,0,0.7535192966461182
Q13107,O75365,1,0.845372200012207
P51784,Q9BXW4,0,0.024256978183984756
Q9NQC7,Q9NYF8,0,0.04019683599472046
Q9H0E7,Q01860,1,0.9832910299301147
P54578,P10275,1,0.9225451350212097
Q70CQ1,Q16778,1,0.9934269189834595
Q92995,Q9UM11,0,0.3161699175834656
Q96FW1,O00182,0,0.019030561670660973
O75317,Q00987,1,0.9941620230674744
Q0WX57,P0C7H9,0,0.003401298075914383
Q9BXU7,P0C7H9,0,0.003961950074881315
Q9P2H5,P21796,1,0.9772543907165527
Q92560,P53621,0,0.4662817418575287
Q13107,Q13546,1,0.898232638835907
Q92995,Q96RL1,1,0.6076821088790894
Q93008,Q9H8V3,0,0.7766366600990295
Q93008,Q9H3M7,0,0.09164545685052872
Q96RU2,P05412,1,0.4096834063529968
Q96FW1,Q13114,1,0.9460894465446472
Q14694,O60493,1,0.009444637224078178
Q9Y6I4,Q9NUQ3,0,0.02081965282559395
P51784,O95931,0,0.01840393804013729
P40818,Q96JA1,1,0.9760549664497375
Q86UV5,P08151,1,0.9908474683761597
Q9Y4E8,P15880,0,0.005414035636931658
Q9H0E7,Q12834,1,0.1747312992811203
P46736,P16104,1,0.9279535412788391
Q9NQC7,Q02246,1,0.8713802099227905
Q9H3M9,Q13887,1,0.995817244052887
Q9UMW8,Q6ZNE5,0,0.4139079451560974
Q70CQ3,O43908,0,0.0703231543302536
P21580,O43353,1,0.6675825715065002
Q92560,P16104,1,0.9772998094558716
Q5VV17,Q5QP82,0,0.6933230757713318
Q93008,P33981,1,0.2642667591571808
P09936,Q92905,1,0.02338080108165741
P40818,P62136,0,0.08119109272956848
Q70CQ1,P04637,1,0.9372614622116089
Q93009,O60299,0,0.5830582976341248
P62068,P42261,1,0.8799833059310913
P21580,Q14790,1,0.2230377346277237
Q93008,O94992,0,0.028521206229925156
Q93009,P27694,0,0.9862781167030334
Q9Y4E8,Q14494,1,0.8938062787055969
Q96JH7,Q9NY99,1,0.6452975869178772
Q9Y5T5,P53350,1,0.729027271270752
Q9Y4E8,Q13107,0,0.4754748046398163
Q9NQC7,P02533,0,0.0625881478190422
P45974,O75444,1,0.992087185382843
P09936,P09936,1,0.01616794429719448
Q93009,O43663,1,0.9980515241622925
Q96RU2,P24864,1,0.8139825463294983
A6NNY8,P62807,1,0.9893441200256348
Q9Y4E8,P35222,1,0.9419775009155273
Q9UK80,O60307,0,0.863503098487854
Q9NQC7,Q9Y6K9,1,0.9430577158927917
P46736,O15287,1,0.005008463282138109
Q5VV17,O15105,1,0.9539604187011719
Q9UGI0,Q15910,1,0.09047513455152512
Q93008,Q96J02,1,0.711307168006897
P45974,O95180,1,0.6022897362709045
Q96G74,P51784,0,0.010892064310610294
Q9UPT9,P54274,1,0.017977317795157433
Q96RU2,P01106,1,0.7363294363021851
Q93008,Q15051,1,0.0011524216970428824
P40818,P31749,0,0.8979891538619995
Q6R6M4,Q0WX57,0,0.0027602778282016516
P54252,P55072,1,0.2300741821527481
Q92995,P78317,0,0.7295365929603577
Q9Y2K6,P14618,1,0.013685652986168861
Q9UPT9,Q96EB6,1,0.769733190536499
Q13107,P19474,1,0.06504719704389572
Q93008,P17096,0,0.09792660921812057
Q15040,Q9UNE7,0,0.8860365748405457
P40818,Q16777,0,0.9787303805351257
P51784,Q01094,1,0.574046790599823
Q93009,Q9Y496,0,0.8175126314163208
Q9NQC7,P04637,1,0.9708160758018494
Q14694,Q9H7E2,0,0.5820883512496948
Q9Y5T5,P63244,0,0.4468134939670563
Q9NQC7,Q04206,1,0.9630196690559387
P40818,P56817,1,0.9502079486846924
Q01804,Q01831,1,0.9707645177841187
Q93009,Q9BZR9,0,0.18291328847408295
O94966,Q9H2V7,0,0.9957499504089355
Q9Y4E8,P36897,1,0.9622339010238647
P62068,O94782,0,0.06667428463697433
Q70CQ3,Q8IY31,0,0.0048159328289330006
Q93008,Q96MH2,0,0.028521206229925156
Q9UPT9,O60341,1,0.8885862827301025
Q13107,Q12933,1,0.9715307950973511
O75604,Q9UDY8,0,0.1598460078239441
Q92905,Q13619,1,0.009206598624587059
Q93009,P46939,0,0.14344491064548492
P15374,P49773,0,0.4587814509868622
P46736,Q14980,1,0.012487000785768032
Q9UPT9,Q13469,1,0.7527090907096863
Q92560,P25490,1,0.9808443784713745
Q93009,P51965,1,0.44043487310409546
Q9Y4E8,Q24JP5,0,0.956032395362854
Q9Y6I4,Q14152,0,0.0010793785331770778
Q9H0E7,P56177,0,0.4124651849269867
Q92995,Q9Y4C2,0,0.5239367485046387
Q14694,P18084,1,0.779740035533905
P40818,Q02241,1,0.867864191532135
Q93008,P16949,1,0.1271631121635437
Q9H9J4,Q9BYN8,0,0.003866286017000675
Q9NQC7,Q5SQI0,0,0.001145815709605813
Q86T82,P02768,0,0.008494522422552109
Q14694,P05556,1,0.7094071507453918
Q96K76,P35222,1,0.906292200088501
P40818,O15155,0,0.24899521470069885
O94782,Q9NVI1,1,0.03656752407550812
P45974,Q96RS6,0,0.1996799260377884
Q14694,Q9P2D0,0,0.6503661870956421
Q92560,Q14145,0,0.9876744151115417
Q5D1E8,Q9Y4K3,1,0.969478189945221
P51784,P25963,1,0.5356330275535583
Q96K76,P12830,1,0.8046025037765503
Q93008,Q9Y2J4,1,0.19037629663944244
Q70EL2,P07992,1,0.021540172398090363
Q93009,Q14566,0,0.5409447550773621
Q9UK80,Q9Y5S9,0,0.03352036327123642
Q13107,O15530,1,0.8490185141563416
Q01804,Q15323,0,0.012827504426240921
Q70CQ1,O75170,0,0.07327909022569656
Q9Y4E8,Q9H4M7,0,0.3973608911037445
P09936,Q9UBN7,1,0.4149583876132965
Q70EL3,P11310,0,0.02297530509531498
P54252,O75600,0,0.15245817601680756
Q9NQC7,P54105,0,0.9048722982406616
O94966,O75581,1,0.025125719606876373
P51784,P37173,1,0.5865626335144043
P54578,P35222,1,0.9031557440757751
Q9Y6I4,Q9UI12,0,0.11752595752477646
Q93008,Q8N122,0,0.8623960018157959
Q6R6M4,Q9BYX4,1,0.9117959141731262
P40818,Q6FHJ7,1,0.5428104400634766
Q9NQC7,Q9NVE4,0,0.9752647280693054
Q93009,Q12888,1,0.999969482421875
Q13107,P49116,1,0.9552468061447144
Q9UK80,Q9BZI7,0,0.00749942846596241
Q92995,Q9UKV5,0,0.9204310774803162
Q14694,P62753,0,0.006447115447372198
Q9NQC7,P31749,1,0.8694679141044617
Q93009,Q15170,0,0.08049298822879791
Q93008,P36915,0,0.5919625163078308
Q9UK80,Q5T5X7,0,0.032998695969581604
Q9NQC7,O95831,0,0.0016309990314766765
Q86T82,O60216,0,0.0009586072992533445
Q9UPT9,P37231,0,0.7152161598205566
Q6R6M4,Q99538,1,0.6911487579345703
P21580,Q8WXW3,0,0.005403377581387758
Q93008,P48431,1,0.7448578476905823
Q9UPT9,P09758,0,0.7930567860603333
O00507,Q02241,0,0.8888710141181946
Q13107,Q92819,1,0.9952736496925354
P40818,Q96RU2,0,0.4233621656894684
O94782,P12004,1,0.5285688042640686
Q9Y5K5,Q01094,1,0.7979999780654907
Q93009,P06400,1,0.993698239326477
P51784,P29590,1,0.9260826706886292
Q8TEY7,P11234,1,0.03622523322701454
Q9Y4E8,O76011,0,0.023977477103471756
Q9HBJ7,Q9HAW4,1,0.9999527931213379
Q9H9J4,Q8N1G4,0,0.058448079973459244
Q86UV5,P0CG48,0,0.016896242275834084
Q96RU2,Q9Y5K5,0,0.02845470793545246
P40818,Q9Y6H6,0,0.34721386432647705
Q9P275,P04179,1,0.06313416361808777
Q6GQQ9,O75113,0,0.20811673998832703
P40818,P78386,0,0.02311447635293007
Q9UPT9,P15924,0,0.03971751034259796
O00487,Q14151,0,0.01989327371120453
P21580,Q9Y6K9,1,0.6765775680541992
Q93009,Q9HCI5,0,0.0244345311075449
P54578,P61073,1,0.4572027027606964
P54578,Q9NYL9,0,0.08302933722734451
Q9UPU5,P04637,1,0.8640475273132324
Q9Y4E8,P51449,1,0.983514666557312
Q14694,O15119,0,0.9661052823066711
P09936,Q96C24,0,0.5651242136955261
Q6R6M4,Q15672,1,0.016637783497571945
Q92560,P52739,0,0.9437242150306702
Q9Y6I4,O95786,1,0.9502583742141724
Q9Y5T5,Q9H9S0,1,0.9410286545753479
Q9H0E7,P0C0S8,1,0.9454220533370972
Q96FW1,P03372,1,0.5163577795028687
Q93009,P25205,0,0.7018988728523254
Q93008,O15169,0,0.9222778081893921
Q70EK9,Q16777,1,0.8819054365158081
Q9NQC7,Q96HS1,0,0.012240208685398102
Q93009,Q8TES7,0,0.01208790298551321
Q9Y6I4,Q16778,1,0.9917742609977722
Q9BXU7,O95503,0,0.03857653588056564
P54578,P62847,0,0.07258506864309311
P62068,Q9BS26,0,0.06206720322370529
P51784,Q9NRC8,0,0.4857780635356903
Q93009,O75083,0,0.15141375362873077
P54252,P28072,0,0.0042732893489301205
P40818,Q96QF0,0,0.5906134843826294
O75317,O60346,1,0.9952179193496704
P40818,Q96FZ7,0,0.27508285641670227
O94966,Q14258,0,0.6368405818939209
P62068,Q9P0U4,0,0.41532716155052185
Q86T82,O75182,0,0.586667001247406
Q13107,P49959,0,0.20582714676856995
Q93008,P15144,0,0.8494622707366943
P51784,Q92633,1,0.8269504904747009
Q9Y4E8,Q16656,1,0.0033449106849730015
Q9NQC7,Q8NHQ1,1,0.0019792974926531315
Q9UGI0,Q9NVK5,0,0.19361665844917297
Q93009,Q15468,0,0.6466679573059082
Q93009,Q13309,0,0.12628290057182312
Q93008,P04629,0,0.8164764642715454
O75604,P25445,1,0.03909970447421074
Q9H9J4,Q9H6W3,0,0.48153194785118103
Q93009,Q9NS91,1,0.19288817048072815
Q96G74,Q9Y4K3,1,0.9703683257102966
O75604,Q9Y4E8,0,0.02861986868083477
O94782,Q9BUV0,0,0.8421637415885925
Q6GQQ9,P00533,1,0.3897823393344879
P21580,O15111,0,0.9169778823852539
Q9UPT9,O75529,0,0.5656564831733704
Q14694,P43246,1,0.5718327164649963
Q86T82,P46527,1,0.9962928891181946
