DUB,Substrate,label,Ubibrowser2,Ubibrowser2_domain_motif,DeepDSI,CT_MLP
Q5D1E8,O43474,1,3.71,1.0,0.9520060420036316,0.9575060606002808
Q5D1E8,Q12933,1,17.48,1.0,0.984597146511078,0.9990543723106384
Q5D1E8,Q13546,1,13.356,1.0,0.9297766089439392,0.8909084796905518
Q5D1E8,Q9Y4K3,1,16.74,1.0,0.969478189945221,0.9955188035964966
P45974,O75444,1,126.44352,10.24,0.992087185382843,0.29227063059806824
P45974,O95180,1,3.4272,2.52,0.6022897362709045,0.9368176460266113
P45974,P04637,1,2572.49664,193.4208,0.9932968020439148,0.9847012758255005
P45974,Q08050,1,10.3785,10.3785,0.9443235993385316,0.9791777729988098
Q9UPT9,O60341,1,13.764,2.48,0.8885862827301025,0.998374342918396
Q9UPT9,P01106,1,68.348805,12.3151,0.8604323267936707,0.878615140914917
Q9UPT9,P09467,1,3.09,1.5,0.0051393187604844,0.2031833827495575
Q9UPT9,P0C0S8,1,30.734077,14.7053,0.9763154983520508,0.9846087694168091
Q9UPT9,P14780,1,38.476185,17.8959,0.9597413539886476,0.9902467727661133
Q9UPT9,P35354,1,2.37,1.0,0.8586822152137756,0.0022253054194152355
Q9UPT9,P48431,1,9.513,3.15,0.8642113208770752,0.969477653503418
Q9UPT9,P54274,1,3.9775,1.85,0.0179773177951574,0.9655801653862
Q9UPT9,P62807,1,209.13624,45.464400000000005,0.9911661744117736,0.9950697422027588
Q9UPT9,Q13469,1,13.764,2.48,0.7527090907096863,0.9672708511352539
Q9UPT9,Q14469,1,7.678242,3.6738,0.9447360634803772,0.12749207019805908
Q9UPT9,Q96EB6,1,31.888584,7.912800000000001,0.769733190536499,0.938991904258728
Q96K76,O95863,1,1.71,1.0,0.4819099903106689,0.01725299283862114
Q96K76,P12830,1,7.1424,2.48,0.8046025037765503,0.832065761089325
Q96K76,P35222,1,104.017245,22.2735,0.906292200088501,0.9537877440452576
Q96K76,Q9UGP5,1,5.3865,3.15,0.4100047647953033,0.033763058483600616
Q92905,Q9NZQ7,1,3.9597,1.97,0.2135638743638992,0.037318844348192215
Q0WX57,O95760,1,3.5938,2.38,0.0164132919162511,0.01788708008825779
Q0WX57,P51449,1,35.19213,22.2735,0.8795640468597412,0.9983408451080322
Q0WX57,Q92769,1,3.9184,2.48,0.7964361310005188,0.13742132484912872
Q0WX57,Q9H7L9,1,3.034,1.85,0.9765911102294922,0.9547508358955383
Q0WX57,Q9Y256,1,3.315,1.5,0.9999866485595704,0.9760388731956482
Q9P2H5,P21796,1,1.0,1.0,0.9772543907165528,0.8208649158477783
Q9P2H5,Q8NFZ5,1,23.16816,8.5808,0.0019006839720532,0.0002740791533142328
Q9Y5T5,P0C0S8,1,49.536648,32.5899,0.9400439262390136,0.9895448088645935
Q9Y5T5,P53350,1,9.198,2.52,0.729027271270752,0.47459569573402405
Q9Y5T5,Q9H9S0,1,28.42182,13.797,0.941028654575348,0.9617112278938293
O94966,O60337,1,6.069,2.38,0.9318310022354126,0.11925724148750305
O94966,O75581,1,5.6406,2.38,0.0251257196068763,0.980847179889679
O94966,Q13114,1,17.6733,6.57,0.9327643513679504,0.8573938608169556
O94966,Q13547,1,90.19197,38.709,0.8099867105484009,0.38435444235801697
O94966,Q14457,1,2.1411,1.17,0.9946658611297609,0.9430058002471924
O94966,Q5XPI4,1,23.484412,11.4002,0.9606509804725648,0.8015524744987488
O94966,Q86TM6,1,17.0415,3.15,0.6529023051261902,0.9171363711357117
O94966,Q92769,1,4.9848,2.48,0.6992785930633545,0.7628065943717957
O94966,Q92828,1,11.4002,11.4002,0.3840663433074951,0.9469943046569824
Q70CQ1,P62807,1,49.85064,7.912800000000001,0.9962185025215148,0.9969580173492432
Q70CQ1,Q13451,1,1.5,1.5,0.4713998734951019,0.2307099997997284
Q9Y4E8,O15111,1,9.0228,4.38,0.9382987022399902,0.6733027100563049
Q9Y4E8,O43541,1,4.6,1.0,0.9863644242286682,0.8324519395828247
Q9Y4E8,P21796,1,2.21,1.0,0.9941839575767516,0.9567625522613525
Q9Y4E8,P25054,1,14.9026,5.54,0.1098073795437812,0.045191049575805664
Q9Y4E8,P35222,1,66.852864,14.2848,0.9419775009155272,0.9784992933273315
Q9Y4E8,P36894,1,23.3376,4.29,0.8917471170425415,0.437286913394928
Q9Y4E8,P36897,1,21.8214,4.49,0.9622339010238647,0.9944158792495728
Q9Y4E8,P42574,1,6.069,2.38,0.769801139831543,0.20931722223758698
Q9Y4E8,P51449,1,15.6372,3.14,0.983514666557312,0.9904083013534546
Q9Y4E8,P62807,1,17.723,4.79,0.9923061728477478,0.9873813390731812
Q9Y4E8,P62877,1,5.41,1.0,0.808991551399231,0.8337729573249817
Q9Y4E8,P84022,1,4.86,1.0,0.9003353118896484,0.9240865111351013
Q9Y4E8,Q00987,1,36.307915,9.7865,0.9953985810279846,0.9995028972625732
Q9Y4E8,Q13127,1,3.6,1.0,0.9622310400009156,0.9138564467430115
Q9Y4E8,Q14145,1,2.33,1.0,0.1618483811616897,0.8363099098205566
Q9Y4E8,Q14258,1,14.9026,5.54,0.0543087683618068,0.07956691086292267
Q9Y4E8,Q14494,1,9.9484,2.38,0.8938062787055969,0.7668087482452393
Q9Y4E8,Q15020,1,9.0228,4.38,0.048990573734045,0.0031381722074002028
Q9Y4E8,Q7Z569,1,6.069,2.38,0.2278003692626953,0.9916821718215942
Q9Y4E8,Q8WWY3,1,4.9028,2.38,0.0901827439665794,0.05597436800599098
Q9Y4E8,Q9HAU4,1,18.177,4.38,0.7336858510971069,0.008395821787416935
Q9UK80,O95760,1,5.6406,2.38,0.0281838476657867,0.8154948949813843
Q9UK80,O95786,1,24.941034,14.5854,0.9863147735595704,0.9991461038589478
Q9UK80,P0C0S8,1,76.773,47.1,0.9154314398765564,0.9938008189201355
Q9UK80,P23771,1,5.6406,2.38,0.7821851968765259,0.9946413040161133
Q9UK80,P36507,1,5.2668,2.52,0.7635828256607056,0.0005976027459837496
Q9UK80,P51587,1,5.3865,3.15,0.0013561659725382,0.9794166088104248
Q9UK80,Q13546,1,38.456208,7.912800000000001,0.5278820395469666,0.9489827752113342
Q9UK80,Q86WV6,1,20.97144,13.797,0.9439514875411988,0.9955874681472778
Q9UK80,Q9BZS1,1,27.431668,13.1252,0.984111785888672,0.9772143363952637
Q9UK80,Q9H9S0,1,16.537752,7.912800000000001,0.9463274478912354,0.9704827070236206
P09936,P09936,1,8.5995,1.17,0.0161679442971944,0.016775278374552727
P09936,Q16620,1,6.3,1.0,0.8316423296928406,0.9988245368003845
P09936,Q16665,1,12.775,1.0,0.9856309294700624,0.9606910347938538
P09936,Q92905,1,6.8856,1.0,0.0233808010816574,0.03724588453769684
P09936,Q9NPH5,1,4.7151,1.17,0.9913082718849182,0.9889419078826904
Q8NB14,Q9UHD2,1,3.1126,1.97,0.925498068332672,0.06683581322431564
O94782,O60346,1,22.205003,14.7053,0.9983505010604858,0.9962614178657532
O94782,P12004,1,4.3105,1.85,0.5285688042640686,0.9615477323532104
O94782,P41134,1,18.012316,11.4002,0.8922459483146667,0.8482151031494141
O94782,Q02363,1,4.2705,1.17,0.76820969581604,0.12438450008630753
O94782,Q02535,1,11.3523,4.79,0.8302698135375977,0.9661593437194824
O94782,Q9BXW9,1,15.04686,1.97,0.374836653470993,0.3810187876224518
O94782,Q9NVI1,1,6.069,2.38,0.0365675240755081,0.5190438628196716
P35125,P05412,1,12.3453,3.19,0.9184027314186096,0.032529328018426895
P35125,P14780,1,10.769596,6.8162,0.9832023978233336,0.40749678015708923
Q92995,O75030,1,38.476185,17.8959,0.7339203357696533,0.8167728185653687
Q92995,Q07820,1,8.55855,1.17,0.9710973501205444,0.9925645589828491
Q92995,Q14457,1,2.4453,1.17,0.9960922598838806,0.9928047060966492
Q92995,Q86WV6,1,83.52105,38.847,0.948291540145874,0.9908578991889954
Q92995,Q96RL1,1,4.035,1.5,0.6076821088790894,0.04222263768315315
Q9Y6I4,O95786,1,11.4002,11.4002,0.9502583742141724,0.9951196908950806
Q9Y6I4,P04637,1,82.566172,33.4276,0.9901247024536132,0.9845339059829712
Q9Y6I4,P0C0S8,1,176.311359,32.5899,0.976952314376831,0.9739587306976318
Q9Y6I4,P16104,1,36.322091,14.7053,0.979544758796692,0.993766188621521
Q9Y6I4,P62807,1,39.405744,7.912800000000001,0.9883540868759156,0.9892004728317261
Q9Y6I4,Q96RL1,1,3.1126,1.97,0.4150125980377197,0.00119126180652529
Q9Y6I4,Q9H9S0,1,78.34824,14.1168,0.9312466382980348,0.7872677445411682
P51784,O14920,1,9.9864,6.57,0.6441760659217834,0.06348051875829697
P51784,O15111,1,20.97144,13.797,0.8208432793617249,0.9705495238304138
P51784,O43663,1,4.9742,2.38,0.9992488026618958,0.9327791333198547
P51784,P04637,1,1052.69147648,56.729600000000005,0.9632927775382996,0.9944948554039001
P51784,P16104,1,29.140584,9.6492,0.9520464539527892,0.9138481616973877
P51784,P25963,1,5.4963,1.97,0.5356330275535583,0.9715168476104736
P51784,P29590,1,6.0228,2.52,0.9260826706886292,0.6815855503082275
P51784,P35226,1,101.1428145,7.8741,0.8271427750587463,0.9320892095565796
P51784,P36897,1,48.7792305,6.4350000000000005,0.94472074508667,0.879705548286438
P51784,P37173,1,18.40374,6.8162,0.5865626335144043,0.995296061038971
P51784,P51587,1,4.9742,2.38,0.9950372576713562,0.9970393776893616
P51784,P98170,1,2.04,1.5,0.8950046300888062,0.9960886240005493
P51784,Q01831,1,14.3583,6.27,0.9999868869781494,0.9171130061149597
P51784,Q14135,1,2.04,1.5,0.0453775040805339,0.5077587366104126
P51784,Q92633,1,16.8492,11.085,0.8269504904747009,0.6839560270309448
P51784,Q96S59,1,169.40826672,18.3736,0.7915194630622864,0.08080963790416718
P21580,O43353,1,430.8206544,45.464400000000005,0.6675825715065002,0.9717357754707336
P21580,P04637,1,22.52301,1.97,0.9795874357223512,0.9982396364212036
P21580,P19838,1,79.223412,33.4276,0.9872130751609802,0.9945783615112305
P21580,Q12933,1,285.5475,77.175,0.9167393445968628,0.9541006088256836
P21580,Q13137,1,4.469,1.0,0.6040775179862976,0.011381855234503746
P21580,Q13546,1,33.20031,7.085000000000001,0.9305136799812316,0.9603092670440674
P21580,Q14457,1,2.88,1.0,0.9986304044723512,0.9618998169898987
P21580,Q14790,1,14.22603,1.17,0.2230377346277237,0.8749323487281799
P21580,Q92985,1,11.433,1.0,0.7940015196800232,0.8847195506095886
P21580,Q9Y4K3,1,179.6012988,31.9121,0.958836793899536,0.942420482635498
P21580,Q9Y6K9,1,14.4522,2.48,0.6765775680541992,0.9911401867866516
Q86UV5,P08151,1,3.19,3.19,0.9908474683761596,0.9722087383270264
Q86UV5,Q12933,1,23.16816,8.5808,0.839461088180542,0.7856922149658203
Q9BXU7,O43663,1,3.7604,2.38,0.9993301630020142,0.9493948817253113
Q9BXU7,P0C0S8,1,23.234374,14.7053,0.915456473827362,0.6369504332542419
Q9BXU7,P10275,1,35.396592,19.3424,0.7716648578643799,0.42198604345321655
Q9BXU7,Q00987,1,13.700562,6.8162,0.9950350522994996,0.9830460548400879
Q9UHP3,O95271,1,3.1126,1.97,0.9906914830207824,0.9917974472045898
Q9UHP3,P50991,1,10.3994,3.19,0.7234557271003723,0.16191613674163818
Q9UHP3,Q13114,1,13.5342,6.57,0.906253457069397,0.9749554991722107
Q13107,O15530,1,47.7411,10.3785,0.8490185141563416,0.05544346198439598
Q13107,O75365,1,9.0228,4.38,0.845372200012207,0.011717644520103931
Q13107,O95786,1,66.630487,17.959699999999998,0.9672796726226808,0.997825562953949
Q13107,P04637,1,1188.87058932,123.6938,0.9845941066741944,0.9958765506744385
Q13107,P06400,1,198.5493642,19.5866,0.998675525188446,0.9992817044258118
Q13107,P15884,1,595.26316416,57.4656,0.5769054293632507,0.9756798148155212
Q13107,P19474,1,5.8653,1.0,0.0650471970438957,0.013648050837218761
Q13107,P28749,1,494.88556656,18.3736,0.9955164790153505,0.07609586417675018
Q13107,P35222,1,358.42977954,19.3158,0.99433571100235,0.99346524477005
Q13107,P36897,1,53.864748,4.033,0.9518945813179016,0.8880043029785156
Q13107,P49116,1,56.256896,28.9984,0.9552468061447144,0.9890615940093994
Q13107,P51449,1,16.537752,7.912800000000001,0.9728612303733826,0.998878538608551
Q13107,P62937,1,5.44,1.0,0.2598344683647156,0.8966267108917236
Q13107,Q02556,1,6.8585,3.19,0.8220109939575195,0.9999080896377563
Q13107,Q08999,1,78.749568,11.3472,0.9981618523597716,0.927567720413208
Q13107,Q12933,1,317.47375968,18.3736,0.9715307950973512,0.9692615866661072
Q13107,Q13107,1,16.42284,3.15,0.0443768501281738,0.17599433660507202
Q13107,Q13546,1,68.673751,14.7053,0.898232638835907,0.9436694383621216
Q13107,Q15287,1,2.2464,1.17,0.0262784659862518,0.9533069133758545
Q13107,Q15306,1,8.6025,1.85,0.8786484599113464,0.9612752795219421
Q13107,Q9Y4K3,1,35.7408,6.57,0.9388923645019532,0.8001278042793274
P54252,O60260,1,12.7596,1.0,0.0838014855980873,0.998427152633667
P54252,P04637,1,8.0878,1.0,0.9748317003250122,0.9991896748542786
P54252,P55072,1,7.9709,1.0,0.2300741821527481,0.7433932423591614
P54252,Q07812,1,4.76,1.0,0.983587086200714,0.7981895208358765
P54252,Q92934,1,5.44,1.0,0.0594464279711246,0.874776303768158
P54252,Q9UNE7,1,49.77,1.0,0.0713386312127113,0.0018350658938288689
Q9UPU5,P04637,1,82.566172,33.4276,0.8640475273132324,0.917824923992157
Q9UPU5,Q92466,1,10.769596,6.8162,0.401601493358612,0.8210368156433105
Q5VVQ6,P17661,1,3.1126,1.97,0.0562351085245609,0.000284954730886966
Q5VVQ6,P55072,1,5.8266,1.17,0.9988858103752136,0.9788566827774048
Q5VVQ6,Q96J02,1,35.2928,13.12,0.9805324673652648,0.3478921949863434
P40818,O15554,1,5.4963,1.97,0.681634247303009,0.010349146090447903
P40818,O60260,1,10.9335,1.97,0.1210337355732917,0.8949643969535828
P40818,O94979,1,4.53,1.5,0.0211944337934255,0.9690549969673157
P40818,P00533,1,168.85562562,16.8751,0.850881040096283,0.9843250513076782
P40818,P04626,1,166.647456,17.9577,0.8568674325942993,0.9997307658195496
P40818,P04629,1,82.61462,17.959699999999998,0.4961835443973541,0.19218756258487701
P40818,P08581,1,593.025048,41.0256,0.7329468727111816,0.8664239048957825
P40818,P17302,1,35.8344,2.52,0.1814473271369934,0.1422348916530609
P40818,P21860,1,740.9639664,23.2785,0.9702238440513612,0.9982365369796753
P40818,P37088,1,5.9292,2.43,0.9273882508277892,0.9914165139198303
P40818,P42261,1,20.516762,6.8162,0.9524742364883424,0.9034035801887512
P40818,P55085,1,256.0212711,13.797,0.9975306391716005,0.887208878993988
P40818,P56817,1,8.4915,1.85,0.9502079486846924,0.04372451454401016
P40818,Q16665,1,11.34,3.15,0.9761573076248168,0.8385456204414368
P40818,Q6FHJ7,1,7.0056,2.52,0.5428104400634766,0.0018838028190657496
P40818,Q96J02,1,101.639916,7.912800000000001,0.865983247756958,0.965319037437439
P40818,Q96JA1,1,19.630656,6.8162,0.9760549664497375,0.9995658993721008
P40818,Q99835,1,70.9792,13.12,0.996220886707306,0.9590476155281067
P40818,Q9H4P4,1,4.74201,1.17,0.4997389018535614,0.9621684551239014
Q9NQC7,O14640,1,47.232,13.12,0.9748698472976683,0.20851975679397583
Q9NQC7,O15105,1,105.11212404,11.4002,0.9940937161445618,0.9971721768379211
Q9NQC7,O43353,1,147.69415108,14.7053,0.8320471048355103,0.7744496464729309
Q9NQC7,O95786,1,98.07706062,11.4002,0.9692729711532592,0.9984118938446045
Q9NQC7,P04629,1,37.498515,14.7053,0.4533991515636444,0.08044682443141937
Q9NQC7,P06239,1,122.236308,10.4155,0.7384870052337646,0.9988412261009216
Q9NQC7,P20749,1,19.5138,1.85,0.8231151103973389,0.8036108613014221
Q9NQC7,P31749,1,41.23317,3.07,0.8694679141044617,0.0016166784334927797
Q9NQC7,P49116,1,22.835568,4.38,0.8662153482437134,0.9573232531547546
Q9NQC7,P53350,1,10.1556,2.52,0.9368460178375244,0.3770392835140228
Q9NQC7,P78352,1,11.718,3.15,0.5944364666938782,0.06789921224117279
Q9NQC7,Q12933,1,91.5375285,17.8959,0.9574823379516602,0.9048655033111572
Q9NQC7,Q13546,1,120.0874528,12.6728,0.8050428032875061,0.886372983455658
Q9NQC7,Q14669,1,30.292918,14.7053,0.95926034450531,0.2973363399505615
Q9NQC7,Q6Q0C0,1,40.43915136,6.8162,0.8386914730072021,0.10514480620622635
Q9NQC7,Q8NHQ1,1,11.37045,1.5,0.0019792974926531,0.00725284218788147
Q9NQC7,Q9NPH5,1,2.21,1.0,0.9918264150619508,0.9739442467689514
Q9NQC7,Q9NZN5,1,5.292,2.52,0.9551265239715576,0.9886360168457031
Q9NQC7,Q9Y4K3,1,84.62566,22.8718,0.9641678929328918,0.9296844601631165
Q9NQC7,Q9Y6K9,1,1195.94273664,96.9568,0.9430577158927916,0.8616783618927002
Q9P275,P01106,1,69.921399,29.5027,0.8627136945724487,0.9559427499771118
Q9P275,Q9H6R0,1,7.2329,4.79,0.5733460187911987,0.9952592253684998
P15374,O15315,1,4.5507,1.97,0.5706822276115417,0.06337568163871765
Q96G74,O00463,1,471.82016,35.4752,0.8293828368186951,0.9865362048149109
Q96G74,O14737,1,2.7,1.0,0.0014409284340217,0.08765978366136551
Q96G74,P04637,1,35.03448,1.97,0.9772658944129944,0.9994518160820007
Q96G74,Q12933,1,1142.072862,65.5234,0.9627566933631896,0.9927912950515747
Q96G74,Q13114,1,264.30173858,65.5234,0.9847844839096068,0.9971291422843933
Q96G74,Q9Y4K3,1,564.60096,42.4512,0.9703683257102966,0.9940481185913086
A6NNY8,O43521,1,1.58,1.0,0.0486920773983001,0.5883520245552063
A6NNY8,P62807,1,18.012316,11.4002,0.9893441200256348,0.9966171383857727
A6NNY8,Q14469,1,22.313775,10.3785,0.8823897242546082,0.8137118816375732
Q6R6M4,P16104,1,19.4472,4.38,0.8823479413986206,0.9374063014984131
Q96FW1,O95863,1,1.9071,1.17,0.9353715777397156,0.9682018160820007
Q96FW1,P04637,1,132.49944,11.29,0.9957025647163392,0.998408854007721
Q96FW1,P10636,1,24.885,10.5,0.0062566273845732,0.49639201164245605
Q96FW1,P27694,1,2.565,1.5,0.0114719606935977,0.3317830562591553
Q96FW1,P61088,1,2.7,1.0,0.2364308685064315,0.0118113337084651
Q96FW1,Q08050,1,3.9597,1.97,0.960865080356598,0.9870941042900085
Q96FW1,Q13114,1,148.5792,42.4512,0.9460894465446472,0.9559652209281921
Q96FW1,Q13490,1,7.5725,3.25,0.8410831093788147,0.6778830885887146
Q96FW1,Q15796,1,21.55968,1.97,0.8082525134086609,0.2752815783023834
Q96FW1,Q8TB45,1,2.21,1.0,0.9858168363571168,0.1440044790506363
Q96FW1,Q9Y4K3,1,108.758819,26.9873,0.9885918498039246,0.9994402527809143
Q5VV17,O15105,1,1.58,1.0,0.953960418701172,0.7717944383621216
Q5VV17,P04637,1,3.8218,1.97,0.992566704750061,0.7422839403152466
Q9Y5K5,P25963,1,2.15,1.0,0.7151884436607361,0.9062849283218384
Q9Y5K5,P35228,1,2.06,1.0,0.9113172888755798,0.3229683041572571
Q9Y5K5,P36897,1,5.55,1.0,0.9774138927459716,0.9951550960540771
Q9Y5K5,Q01094,1,2.15,1.0,0.7979999780654907,0.5432361960411072
Q70EL2,P07992,1,5.4,1.5,0.0215401723980903,0.0007548903813585639
P54578,O14641,1,6.0452,2.38,0.9571216106414796,0.999496579170227
P54578,O14920,1,3.315,1.5,0.9645636081695556,0.9734048247337341
P54578,P10275,1,37.689636,15.9028,0.9225451350212096,0.986660361289978
P54578,P35222,1,161.80362,35.1747,0.9031557440757751,0.9509947896003723
P54578,P61073,1,27.018474,11.4002,0.4572027027606964,0.0626109391450882
P54578,Q14457,1,2.7963,1.17,0.9899899959564208,0.8938231468200684
P54578,Q86WI3,1,27.431668,13.1252,0.4889266788959503,0.9994612336158752
P54578,Q96GD4,1,2.457,1.17,0.8949386477470398,0.9768706560134888
P54578,Q9NYJ8,1,5.292,2.52,0.2497975081205368,0.9758821725845337
P54578,Q9UBS5,1,29.039976,7.912800000000001,0.9557251334190368,0.9869892001152039
O75604,O15151,1,143.753658,6.8162,0.9958832263946532,0.19190534949302673
O75604,O15534,1,5.6406,2.38,0.7600566148757935,0.8346328139305115
O75604,P08253,1,16.537752,7.912800000000001,0.9561824798583984,0.9937141537666321
O75604,P24385,1,18.522,2.52,0.9157648086547852,0.09415476769208908
O75604,P25445,1,9.0228,4.38,0.0390997044742107,0.02600478008389473
O75604,P37088,1,5.4963,1.97,0.84014892578125,0.26269957423210144
O75604,Q00987,1,61.54496712,7.912800000000001,0.9959449172019958,0.9963064193725586
O75604,Q03431,1,3.315,1.5,0.8927355408668518,0.9770807027816772
O75604,Q96EB6,1,239.0176404,17.8959,0.9297066926956176,0.8130747675895691
P12956,Q07820,1,8.388,1.0,0.6165157556533813,0.2258681058883667
Q9H9J4,P04637,1,82.566172,33.4276,0.9517967104911804,0.9883389472961426
Q9H9J4,P14780,1,29.349276,17.8959,0.8841319680213928,0.9606534242630005
Q9H9J4,P62807,1,71.833752,45.464400000000005,0.9907212257385254,0.8565815687179565
Q53GS9,Q96GD4,1,6.489,3.15,0.9294946193695068,0.9962183833122253
Q8TEY7,O43303,1,3.5938,2.38,0.0070407553575932,0.05063316226005554
Q8TEY7,P07550,1,81.0744,16.28,0.9931321740150452,0.6231682896614075
Q8TEY7,P11234,1,2.55,1.0,0.0362252332270145,0.972109854221344
Q8TEY7,P49407,1,8.115,1.5,0.9495033621788024,0.16328994929790497
Q8TEY7,Q92813,1,18.522,1.5,0.9415748715400696,0.9324577450752258
Q504Q3,Q9Y294,1,1.85,1.85,0.0400119647383689,0.04521815478801727
O00487,O95863,1,3.9597,1.97,0.8602637052536011,0.8624826669692993
O00487,P04626,1,10.9335,1.97,0.9310535192489624,0.9956966638565063
O00487,Q01860,1,6.489,3.15,0.7123159170150757,0.38814765214920044
Q6GQQ9,P00533,1,102.19794552,11.8792,0.3897823393344879,0.06652272492647171
Q6GQQ9,P43403,1,136.81337868,15.9028,0.6935657262802124,0.026916537433862686
Q6GQQ9,Q13114,1,832.0761612,59.72409999999999,0.8603975772857666,0.7731631994247437
Q6GQQ9,Q13546,1,217.55978244,14.2857,0.3876530826091766,0.4520588219165802
Q6GQQ9,Q9Y4K3,1,218.9215791,18.0049,0.9819639921188354,0.9864089488983154
Q14694,P04637,1,142.826838,38.4978,0.96598881483078,0.9992110729217529
Q14694,P0C0S5,1,18.40374,6.8162,0.8528174757957458,0.4452333152294159
Q14694,P13569,1,4.2365,1.85,0.9961543679237366,0.895932137966156
Q14694,P43246,1,15.876,2.52,0.5718327164649963,0.9218471646308899
Q14694,P54646,1,9.198,2.52,0.7829934358596802,0.9045379161834717
Q14694,P60484,1,9.198,2.52,0.8948253393173218,0.9095242619514465
Q14694,P62807,1,12.897864,7.912800000000001,0.9896947145462036,0.9957418441772461
Q14694,Q03518,1,3.1126,1.97,0.9883689880371094,0.953319787979126
Q14694,Q14457,1,70.33404,12.6728,0.9903296232223512,0.9077509045600891
Q14694,Q8N6T7,1,13.223428,6.8162,0.4177656173706054,0.009438366629183292
Q14694,Q9UL17,1,2.565,1.5,0.4149988889694214,0.027069730684161186
Q14694,Q9Y4K3,1,108.869768,22.8718,0.8979384899139404,0.5559264421463013
Q14694,Q9Y6K9,1,24.181905,10.3785,0.9554422497749328,0.9918649792671204
Q93008,A5PKW4,1,25.5936,2.48,0.2441453039646148,0.5951239466667175
Q93008,O00327,1,14.805414,3.6738,0.760637640953064,0.6889498233795166
Q93008,O60285,1,6.94,1.0,0.7853720784187317,0.7536572813987732
Q93008,P04637,1,1160.22310524,123.6938,0.9652719497680664,0.9873929619789124
Q93008,P12830,1,8.6025,1.85,0.9687111973762512,0.6680125594139099
Q93008,P23588,1,3.4272,2.52,0.0219176448881626,0.157298743724823
Q93008,P33981,1,13.986,3.15,0.2642667591571808,0.0953124612569809
Q93008,P35222,1,163.82888928,19.3158,0.9896513223648072,0.9596851468086243
Q93008,P37840,1,4.6,1.0,0.4630503058433532,0.9063639044761658
Q93008,P42345,1,16.6374,1.17,0.0883873030543327,0.009904313832521439
Q93008,P42566,1,22.53286,1.97,0.6098564863204956,0.9847201108932495
Q93008,P46937,1,28.88172,7.912800000000001,0.8562082648277283,0.9415791630744934
Q93008,P48431,1,16.077,6.9,0.7448578476905823,0.9854773879051208
Q93008,P50542,1,30.409005,10.3785,0.3458383977413177,0.1791299432516098
Q93008,Q07820,1,11.3841,1.17,0.994042694568634,0.9588873982429504
Q93008,Q12809,1,4.2365,1.85,0.8692827224731445,0.1951165795326233
Q93008,Q13485,1,11.480175,1.97,0.9202067852020264,0.9959589838981628
Q93008,Q15051,1,8.778,4.18,0.0011524216970428,0.007689556572586298
Q93008,Q15154,1,9.198,2.52,0.9978182315826416,0.8692730069160461
Q93008,Q15797,1,11.245338,1.17,0.5287173390388489,0.15234221518039703
Q93008,Q53EZ4,1,2.7963,1.17,0.2313814312219619,0.6661991477012634
Q93008,Q86YR5,1,5.292,2.52,0.7180951237678528,0.9688665270805359
Q93008,Q86YT6,1,5.319,1.97,0.4862012863159179,0.33015456795692444
Q93008,Q96J02,1,23.8567,6.8162,0.711307168006897,0.9218788743019104
Q93008,Q96L34,1,2.457,1.17,0.5889657139778137,0.9900632500648499
Q93008,Q96RU7,1,2.457,1.17,0.738466203212738,0.3394114673137665
Q93008,Q99683,1,31.74,6.9,0.8771859407424927,0.9971593618392944
Q93008,Q9H992,1,37.82991,6.8162,0.6037072539329529,0.9459747672080994
Q93008,Q9HCE7,1,114.379524,7.912800000000001,0.75412517786026,0.5660942196846008
Q93008,Q9NRM7,1,5.6736,1.97,0.7679150700569153,0.045645151287317276
Q9H0E7,P0C0S8,1,76.773,47.1,0.9454220533370972,0.9997227787971497
Q9H0E7,Q01860,1,10.4155,10.4155,0.9832910299301147,0.9888375997543335
Q9H0E7,Q12834,1,23.484412,11.4002,0.1747312992811203,0.03664163872599602
Q9H0E7,Q13257,1,2.06,1.0,0.0726942494511604,0.8267075419425964
Q96BN8,Q9Y6K9,1,11.454,3.32,0.9659394025802612,0.9959372282028198
Q9Y5E6,P19838,1,1.58,1.0,0.9057759046554564,0.9455052614212036
Q9UMW8,P49116,1,6.6576,4.38,0.9502261877059937,0.9891859889030457
Q9UMW8,P60484,1,18.40374,6.8162,0.9524515271186828,0.992924690246582
Q9UMW8,Q9Y6K9,1,260.813792,96.9568,0.967934250831604,0.994506299495697
Q70EK9,P37275,1,3.7604,2.38,0.844791829586029,0.7212740778923035
Q70EK9,P62807,1,16.61688,7.912800000000001,0.986458957195282,0.3267401158809662
Q9HBJ7,P04637,1,676.9728,193.4208,0.9745980501174928,0.9969626069068909
Q9HBJ7,Q9HAW4,1,10.0408,6.16,0.999952793121338,0.9551556706428528
Q92560,O15294,1,4.08,4.08,0.0288461782038211,0.510955810546875
Q92560,P0C0S8,1,1.52,1.0,0.9615880846977234,0.9511191248893738
Q92560,P16104,1,7.74,1.0,0.9772998094558716,0.9790405035018921
Q92560,P25490,1,7.315,1.0,0.9808443784713744,0.9978048205375671
Q92560,P38398,1,18.5518,1.85,0.9918708801269532,0.8485836386680603
Q92560,P51610,1,2.4453,1.17,0.5590834021568298,0.9265098571777344
Q92560,Q13887,1,8.3349,2.43,0.916836440563202,0.9985507130622864
Q92560,Q96CW5,1,1.0,1.0,0.5443276166915894,0.00217316928319633
Q86T82,P01106,1,57.882132,7.912800000000001,0.8508327603340149,0.9954046010971069
Q86T82,P0C0S8,1,22.304544,14.1168,0.9658123850822448,0.999332845211029
Q86T82,P20248,1,6.489,3.15,0.8999040722846985,0.5150811076164246
Q86T82,P46527,1,3.034,1.85,0.9962928891181946,0.05306050553917885
Q9Y2K6,O75943,1,2.28,1.5,0.0208189096301794,0.1692248433828354
Q9Y2K6,P07550,1,48.432075,10.4155,0.9402220845222472,0.3510616421699524
Q9Y2K6,Q16665,1,8.4735,3.15,0.8600678443908691,0.9993459582328796
Q9Y2K6,Q86WV6,1,23.234374,14.7053,0.9987784028053284,0.9987152814865112
Q9Y2K6,Q92813,1,18.522,1.5,0.9389480352401732,0.6697995066642761
Q9Y2K6,Q9HAW4,1,6.3242,3.07,0.999868392944336,0.9930230379104614
Q9Y2K6,Q9Y4K3,1,81.12636,6.57,0.9807206988334656,0.9749948382377625
Q70CQ3,O94826,1,7.686,3.15,0.1620052456855774,0.6188404560089111
Q70CQ3,O95140,1,23.265,1.5,0.9960917830467224,0.5278241634368896
Q70CQ3,P21796,1,22.3693,4.79,0.9831742644309998,0.9923061728477478
Q70CQ3,Q15388,1,4.26,1.0,0.2002456486225128,0.05582757666707039
Q70CQ3,Q8IWA4,1,8.51,1.85,0.9967987537384032,0.9506295323371887
P46736,O95271,1,4.5507,1.97,0.604056715965271,0.9483389258384705
P46736,P0C0S8,1,13.482846,3.6738,0.9504482746124268,0.9987493753433228
P46736,P16104,1,194.8224222,23.2785,0.9279535412788392,0.9792090654373169
P46736,Q14980,1,2.457,1.17,0.012487000785768,0.10991336405277252
Q70EL3,P30291,1,4.284,3.15,0.6257514953613281,0.02948167361319065
Q70EL3,Q9ULZ3,1,2.93,1.0,0.4557986259460449,0.09524093568325043
Q96RU2,O60341,1,7.1424,2.48,0.7285439372062683,0.8488034009933472
Q96RU2,O96017,1,18.522,1.5,0.7990479469299316,0.018484529107809067
Q96RU2,P01106,1,101.08602,7.912800000000001,0.7363294363021851,0.9813330769538879
Q96RU2,P05412,1,24.5196,2.52,0.4096834063529968,0.06790893524885178
Q96RU2,P24864,1,2.79,1.0,0.8139825463294983,0.6543142795562744
Q96RU2,Q12888,1,77.956992,13.14,0.9995682835578918,0.9800170660018921
Q96RU2,Q16665,1,98.07706062,11.4002,0.6866479516029358,0.9787880182266235
Q96RU2,Q969H0,1,38.476185,17.8959,0.8073275685310364,0.9246699810028076
Q96RU2,Q9HAW4,1,18.94224,2.48,0.9982168078422546,0.9792212843894958
Q96DC9,Q13114,1,148.5792,42.4512,0.7392076849937439,0.7352557182312012
Q96DC9,Q9Y4K3,1,237.659136,43.9296,0.9448675513267516,0.7431134581565857
Q93009,O14773,1,8.4735,3.15,0.7808057069778442,0.6206375360488892
Q93009,O14965,1,51.818949,3.6738,0.8109889626502991,0.271599680185318
Q93009,O15151,1,23.3376,4.29,0.9927000403404236,0.014173639006912708
Q93009,O43524,1,185.899021,18.7682,0.805030345916748,0.9926496148109436
Q93009,O43663,1,21.68964,3.15,0.9980515241622924,0.9943897128105164
Q93009,O43684,1,19.09644,10.3785,0.2964276373386383,0.9409962296485901
Q93009,O60341,1,103.35654,23.2785,0.7027527689933777,0.9245274066925049
Q93009,P04198,1,178.0614,38.709,0.5068013668060303,0.8271219730377197
Q93009,P04637,1,950.4698112,193.4208,0.9638654589653016,0.9977927207946777
Q93009,P06400,1,179.4600852,17.8959,0.993698239326477,0.9992197751998901
Q93009,P08151,1,21.8688,4.08,0.9816324710845948,0.9990060925483704
Q93009,P12004,1,18.522,1.5,0.9941283464431764,0.1428634226322174
Q93009,P14373,1,269.656569,19.1178,0.3920726776123047,0.9981094598770142
Q93009,P19838,1,68.056002,6.57,0.9001650214195251,0.9966170191764832
Q93009,P26358,1,58.2528,13.12,0.7822463512420654,0.12639927864074707
Q93009,P29590,1,133.7506212,18.3736,0.9583727717399596,0.9877095222473145
Q93009,P35222,1,360.5451528,35.898,0.8971188068389893,0.6544290781021118
Q93009,P35226,1,80.38548,6.51,0.87037193775177,0.9394546151161194
Q93009,P35568,1,4.9848,2.48,0.9917100071907043,0.3155571222305298
Q93009,P37231,1,60.4808,3.46,0.4336626827716827,0.04237482324242592
Q93009,P51965,1,7.38,1.0,0.4404348731040954,0.9617601633071899
Q93009,P60484,1,9.198,2.52,0.8984805345535278,0.9960148334503174
Q93009,P62807,1,527.444992,96.9568,0.9944964051246644,0.958134114742279
Q93009,P98177,1,226.4860899,13.671,0.8127026557922363,0.910987913608551
Q93009,Q00987,1,67.98232,18.3736,0.9927000403404236,0.9974752068519592
Q93009,Q01831,1,10.0566,3.33,0.9972565770149232,0.9963065385818481
Q93009,Q01860,1,80.32959,10.3785,0.6408761739730835,0.17667162418365479
Q93009,Q03468,1,210.1172724,13.797,0.7168695330619812,0.9664720296859741
Q93009,Q04206,1,19.600308,2.52,0.7872424125671387,0.8499743938446045
Q93009,Q12778,1,308.808672,17.6664,0.7173904180526733,0.9790596961975098
Q93009,Q12888,1,41.123544,2.38,0.999969482421875,0.9955744743347168
Q93009,Q13127,1,11.8349,3.19,0.9721368551254272,0.9201345443725586
Q93009,Q13546,1,98.1042864,8.5808,0.8859133124351501,0.980647623538971
Q93009,Q14527,1,24.181905,10.3785,0.5743328332901001,0.12585435807704926
Q93009,Q14669,1,24.8248,6.16,0.8218738436698914,0.2551504075527191
Q93009,Q16526,1,23.50048,2.48,0.3003211319446563,0.46706318855285645
Q93009,Q49AN0,1,6.8635,1.85,0.3003211319446563,0.366189181804657
Q93009,Q8IXJ9,1,23.184,6.9,0.8628028631210327,0.8642808794975281
Q93009,Q8IYW5,1,41.5473,1.97,0.5470083951950073,0.7652970552444458
Q93009,Q92993,1,8.242065,1.17,0.9877870678901672,0.9733921885490417
Q93009,Q96EP1,1,8.5995,1.17,0.6314029693603516,0.04483862966299057
Q93009,Q96T88,1,10.3994,3.19,0.5928999185562134,0.8243969082832336
Q93009,Q99496,1,198.349056,11.3472,0.9411577582359314,0.9982757568359375
Q93009,Q9BZS1,1,9.39689,4.033,0.9134673476219176,0.8065183162689209
Q93009,Q9H992,1,5.8786,2.38,0.6399707794189453,0.9919765591621399
Q93009,Q9HAW4,1,52.3032,2.48,0.9999674558639526,0.9978407621383667
Q93009,Q9NRC8,1,60.130224,17.8959,0.1732217371463775,0.041467875242233276
Q93009,Q9UER7,1,5.884866,1.17,0.9282929301261902,0.7513353228569031
Q93009,Q9UPP1,1,12.5496,2.52,0.7555924654006958,0.31832027435302734
Q93009,Q9Y4H2,1,26.4114,13.14,0.997093677520752,0.007403602357953787
Q93009,Q9Y6K9,1,66.2916309,10.3785,0.9595955610275269,0.96778404712677
O75317,O60346,1,3.15,3.15,0.9952179193496704,0.9992420673370361
O75317,P0C0S8,1,23.234374,14.7053,0.972488820552826,0.9639379382133484
O75317,P10275,1,203.561984,75.6736,0.7807788252830505,0.7520766854286194
O75317,P62807,1,18.012316,11.4002,0.9960446357727052,0.9196872115135193
Q70CQ2,Q8IYW5,1,2.28,1.5,0.7406888008117676,0.6961301565170288
O95630,P17302,1,8.6025,1.85,0.0595343224704265,0.07906967401504517
O95630,P55085,1,16.50285,1.17,0.9611733555793762,0.9836968779563904
Q5T2D3,P60484,1,1.84,1.0,0.9635294675827026,0.9939828515052795
P62068,O60346,1,3.15,3.15,0.9987993240356444,0.9996964931488037
P62068,P42261,1,53.238934,11.4002,0.8799833059310913,0.011557212099432945
Q5VVJ2,P0C0S8,1,20.234067,10.0667,0.7529075145721436,0.09750103205442429
Q5D1E8,Q9Y297,0,2.37,1.0,0.4849441051483154,0.0004941209335811436
Q9UPT9,O75478,0,6.696,2.48,0.0149279311299324,0.7737827897071838
Q9UPT9,P49848,0,5.6406,2.38,0.3953823745250702,0.011272433213889599
Q9UPT9,Q12962,0,5.319,1.97,0.1225725412368774,0.03977962210774422
Q9UPT9,Q96GX2,0,2.15,1.0,0.033816821873188,0.8591331839561462
Q92905,P47710,0,1.36,1.0,0.0033337718341499,0.9708117842674255
Q92905,Q16584,0,16.077,6.9,0.203393742442131,0.0011729777324944735
Q92905,Q5VUJ6,0,1.17,1.17,0.2715564668178558,0.43519508838653564
Q92905,P43354,0,6.489,3.15,0.969997227191925,0.9668014049530029
Q0WX57,P0C7H9,0,16.086675,10.3785,0.0034012980759143,0.9973695278167725
Q9Y5T5,P11182,0,4.9028,2.38,0.0312329437583684,0.29689332842826843
O94966,P19474,0,23.484412,11.4002,0.7646142244338989,0.9968337416648865
O94966,Q6ISU1,0,1.17,1.17,0.0251563321799039,0.03188050538301468
O94966,Q9H2V7,0,6.5395,3.19,0.9957499504089355,0.36502352356910706
Q70CQ1,O75170,0,3.7604,2.38,0.0732790902256965,0.25352147221565247
Q70CQ1,P08709,0,3.9775,1.85,0.8464446067810059,0.6430940628051758
Q70CQ1,Q9H0E7,0,2.48,2.48,0.5043566226959229,0.9668604731559753
Q9Y4E8,O75150,0,4.76,1.0,0.1262211501598358,0.0330057255923748
Q9Y4E8,O76011,0,1.85,1.85,0.0239774771034717,0.018168020993471146
Q9Y4E8,Q14525,0,2.38,2.38,0.017775509506464,0.18927033245563507
Q9Y4E8,Q14533,0,1.0,1.0,0.0182394497096538,0.7005001902580261
Q9UK80,Q5T5X7,0,2.52,2.52,0.0329986959695816,0.24040989577770233
Q9UK80,Q8IUH3,0,10.769596,6.8162,0.017791511490941,0.06921380013227463
Q9UK80,Q9BZI7,0,1.85,1.85,0.0074994284659624,1.7790694982977584e-05
Q9UK80,Q9Y2K6,0,3.7604,2.38,0.0979103073477745,0.015619231387972832
Q9UK80,Q9Y5S9,0,4.79,4.79,0.0335203632712364,0.05996091663837433
P09936,P19013,0,1.51,1.0,0.0100227687507867,0.775475025177002
P09936,P23508,0,3.02,1.0,0.1450743675231933,0.0006804369040764868
Q8NB14,A6NHT5,0,11.4002,11.4002,0.1791102439165115,0.8888978362083435
O94782,P19013,0,16.8454,4.18,0.009746802970767,0.6153302788734436
O94782,P20930,0,3.19,3.19,0.0552216209471225,0.9999265670776367
O94782,P27482,0,2.38,2.38,0.0959151312708854,0.5586238503456116
O94782,Q13835,0,47.1,47.1,0.7856602668762207,0.7092723846435547
P35125,Q14CW9,0,22.03047,2.38,0.0187760163098573,0.9955246448516846
P35125,Q99750,0,1.58,1.0,0.4589944779872894,0.9998787641525269
Q92995,Q9BYV6,0,7.934444,2.38,0.0258340165019035,0.08894851058721542
Q9Y6I4,Q9H496,0,1.0,1.0,0.5204692482948303,0.3783573508262634
P51784,O95931,0,8.4915,1.85,0.0184039380401372,0.010843547992408276
P51784,P37231,0,73.782828,24.4314,0.4607999622821808,0.20545601844787598
P51784,P48059,0,1.0,1.0,0.8163742423057556,0.9980612397193909
P51784,Q9BXW4,0,1.0,1.0,0.0242569781839847,0.2920546233654022
P51784,Q9H0Y0,0,2.01,1.0,0.6140977144241333,0.020005417987704277
P51784,Q9HC52,0,23.1336,2.38,0.0193934515118598,0.010587538592517376
P51784,Q9NR20,0,18.76392,13.797,0.5726944804191589,0.9822297096252441
P51784,Q9NRC8,0,40.981611,17.8959,0.4857780635356903,0.7044967412948608
P51784,Q9Y463,0,16.086675,10.3785,0.6553736925125122,0.9777682423591614
P21580,Q13158,0,61.008696,5.54,0.7384247779846191,0.17142342031002045
Q9UHP3,P19013,0,4.18,4.18,0.0058172727003693,0.04141058772802353
Q9UHP3,Q14315,0,6.3242,3.07,0.004418518859893,0.01315020676702261
Q9UHP3,Q96DA0,0,1.34,1.0,0.3612337112426758,0.2577434182167053
Q13107,Q15118,0,5.292,2.52,0.2107502222061157,0.0824611485004425
P54252,P29466,0,5.0794,1.0,0.65982586145401,0.16544489562511444
P54252,Q9BSU1,0,3.379,1.0,0.2995562851428985,0.9462118744850159
Q9UPU5,P49407,0,2.28,1.5,0.9887455105781556,0.41273924708366394
P40818,P78386,0,5.4205,1.85,0.02311447635293,0.8403270244598389
P40818,Q14493,0,3.5752,1.0,0.1098798438906669,0.008864322677254677
P40818,Q15323,0,5.6736,1.97,0.0179834831506013,0.18147693574428558
P40818,Q96FZ7,0,3.66,1.5,0.2750828564167022,0.01865270547568798
Q9NQC7,O75762,0,5.6406,2.38,0.8683102130889893,0.8489532470703125
Q9NQC7,Q9UM82,0,24.6906,3.19,0.2185648083686828,0.06261981278657913
Q9P275,Q6ZN17,0,2.6398,1.97,0.0027165324427187,0.011418920010328293
Q6R6M4,Q0WX57,0,8.6955,5.61,0.0027602778282016,0.9801051020622253
Q9Y5K5,Q53TQ3,0,1.0,1.0,0.0056071002036333,0.024119937792420387
Q70EL2,Q8N5C6,0,3.19,3.19,0.9625239372253418,0.9884766340255737
O75604,P14555,0,3.15,3.15,0.1873020827770233,0.025744862854480743
O75604,P19438,0,84.34077762,14.7053,0.4655759036540985,0.791942834854126
O75604,P36776,0,6.4464,4.08,0.2038933336734771,0.01951085962355137
P12956,P09086,0,1.659,1.0,0.7535192966461182,0.9996238946914673
Q01804,Q15323,0,1.5,1.5,0.0128275044262409,0.0876477062702179
Q9H9J4,Q9BYN8,0,1.85,1.85,0.0038662860170006,0.047127190977334976
Q9H9J4,Q8N1G4,0,1.5,1.5,0.0584480799734592,0.03914400562644005
Q9H9J4,Q9H6W3,0,4.9028,2.38,0.481531947851181,0.9817348122596741
Q53GS9,O95400,0,2.28,1.5,0.0380780771374702,0.6532598733901978
Q8TEY7,Q13228,0,10.4076,2.52,0.0032347759697586,0.6423773765563965
Q504Q3,P21695,0,1.97,1.97,0.8008579015731812,0.9980612397193909
O00487,Q8NBP7,0,6.489,3.15,0.0194692462682724,0.007002551574259996
O00487,Q96JH8,0,7.2759,3.07,0.7685227990150452,0.9932542443275452
Q6GQQ9,Q8NFZ5,0,21.09,1.0,0.0011498047970235,2.1965153791825287e-05
Q93008,O15169,0,36.112692,2.38,0.922277808189392,0.9959474205970764
Q9H0E7,Q13428,0,3.9184,2.48,0.8398083448410034,0.9383180141448975
Q9UGI0,Q9NVK5,0,1.58,1.0,0.1936166584491729,0.18501105904579163
Q92560,O60516,0,2.52,2.52,0.1114653572440147,0.05149379000067711
Q92560,P52739,0,1.97,1.97,0.9437242150306702,0.053990595042705536
Q86T82,P02768,0,1.71,1.0,0.0084945224225521,0.01832093484699726
Q9Y2K6,O15049,0,1.85,1.85,0.0607921332120895,0.005428634583950043
Q9Y2K6,Q5T9A4,0,4.9742,2.38,0.24956676363945,0.018485549837350845
Q70CQ3,Q8N594,0,5.2456,3.32,0.4186481833457947,0.06546148657798767
P46736,O75971,0,18.056346,2.38,0.1410426646471023,0.8340762257575989
Q70EL3,P11717,0,135.352512,14.5854,0.9745689630508424,0.9999998807907104
Q70EL3,Q9NQ29,0,2.38,2.38,0.0390447862446308,0.5556769967079163
Q70EL3,P11310,0,3.2526,1.17,0.0229753050953149,0.7358931303024292
Q93009,O00463,0,17.6733,6.57,0.8570435047149658,0.98119056224823
Q93009,P54253,0,5.771115,1.97,0.7918279767036438,0.9946858882904053
Q93009,Q15170,0,2.37,1.0,0.0804929882287979,0.5890614986419678
Q93009,Q68CJ9,0,9.28998,2.52,0.5151932239532471,0.4006349444389343
Q93009,Q92611,0,19.9424,13.12,0.2488217055797577,0.8250020146369934
Q93009,Q9BZR9,0,4.6,1.0,0.1829132884740829,0.38985157012939453
Q93009,Q9HBZ2,0,90.553254,17.8959,0.3550294041633606,0.03673287853598595
Q93009,Q9Y496,0,5.7288,2.48,0.8175126314163208,0.00042771684820763767
O75317,Q53GS9,0,1.0,1.0,0.0130147123709321,0.6356707215309143
O75317,Q8TBZ3,0,11.4002,11.4002,0.387165755033493,0.9913395047187805
O95630,P11498,0,39.6224,13.12,0.0669250860810279,0.13253049552440643
O95630,Q15796,0,11.8575,4.65,0.8746283054351807,0.8531365990638733
P62068,Q9BS26,0,2.8675,1.85,0.0620672032237052,0.06291376054286957
P62068,Q9P0U4,0,9.9864,6.57,0.4153271615505218,0.0028155327308923006
Q5VVJ2,Q9BQA1,0,6.4464,4.08,0.2457530051469802,0.8523310422897339
