DUB,Substrate,label,Ubibrowser2,Ubibrowser2_domain_motif,TransDSI,TransDSIwoSSN,TransDSIwoCT,RF,XGBoost,SVM,KNN,LR
Q5D1E8,O43474,1,3.71,1.0,0.9520060420036316,0.9575060606002808,0.6790408492088318,0.4917205539587605,0.500758171081543,0.564049945236022,0.3882492716079169,0.6950827298668873
Q5D1E8,Q12933,1,17.48,1.0,0.984597146511078,0.9990543723106384,0.7372581362724304,0.67465387345105,0.5358979105949402,0.6552414500486754,0.685924293523753,0.8819849758676275
Q5D1E8,Q13546,1,13.356,1.0,0.9297766089439392,0.8909084796905518,0.7056592106819153,0.6770072285479116,0.5082813501358032,0.5634734492990264,0.6333056062121569,0.6855529725772357
Q5D1E8,Q9Y4K3,1,16.74,1.0,0.969478189945221,0.9955188035964966,0.7765743136405945,0.7524776405112051,0.530724048614502,0.729725877713016,0.7515991731215594,0.933578784099557
P45974,O75444,1,126.44352,10.24,0.992087185382843,0.2922706305980682,0.740419328212738,0.4144270248290446,0.4610852003097534,0.3358155848351172,0.5306089436932441,0.5436437501594064
P45974,O95180,1,3.4272,2.52,0.6022897362709045,0.9368176460266112,0.6961549520492554,0.5167296471222695,0.4825192093849182,0.4659886059037462,0.5257974296682226,0.00244627235466991
P45974,P04637,1,2572.49664,193.4208,0.9932968020439148,0.9847012758255004,0.8979672789573669,0.8396236305991513,0.5332346558570862,0.5788768832846487,0.3724536512736482,0.8525235020111644
P45974,Q08050,1,10.3785,10.3785,0.9443235993385316,0.9791777729988098,0.6409282088279724,0.5706333073008633,0.5078872442245483,0.4881842806850931,0.5243077768790536,0.856213175986895
Q9UPT9,O60341,1,13.764,2.48,0.8885862827301025,0.998374342918396,0.6411478519439697,0.5113322899898062,0.4989992082118988,0.6698760427172707,0.3025280680558222,0.9411968877574527
Q9UPT9,P01106,1,68.348805,12.3151,0.8604323267936707,0.878615140914917,0.6342065334320068,0.5402827096321529,0.5282611846923828,0.5178662234726846,0.4620734341126828,0.9017324181398592
Q9UPT9,P09467,1,3.09,1.5,0.0051393187604844,0.2031833827495575,0.7508695721626282,0.4382648375490052,0.532419741153717,0.4281949314287394,0.5101499517347028,0.6977830818599495
Q9UPT9,P0C0S8,1,30.734077,14.7053,0.9763154983520508,0.9846087694168092,0.7905396819114685,0.7971611189368073,0.5292402505874634,0.6373704274516384,0.7065298720920259,0.7020400327980741
Q9UPT9,P14780,1,38.476185,17.8959,0.9597413539886476,0.9902467727661132,0.8184568285942078,0.5716535751919865,0.5063102841377258,0.4940595945066015,0.3747591050102427,0.9388867590187776
Q9UPT9,P35354,1,2.37,1.0,0.8586822152137756,0.0022253054194152,0.6741355657577515,0.481411464572674,0.4990886449813843,0.362930808371938,0.3761453179717489,0.010308756972991958
Q9UPT9,P48431,1,9.513,3.15,0.8642113208770752,0.969477653503418,0.5870634913444519,0.5307516694886728,0.4884443581104278,0.550151624283469,0.6048917543737272,0.7763310775656175
Q9UPT9,P54274,1,3.9775,1.85,0.0179773177951574,0.9655801653862,0.8196191191673279,0.4171718900328717,0.4968510270118713,0.5,0.6086273770163081,0.9898990045435063
Q9UPT9,P62807,1,209.13624,45.464400000000005,0.9911661744117736,0.9950697422027588,0.8123961091041565,0.7839798481597573,0.5332116484642029,0.6248457713600389,0.6719013932913679,0.7994525127701307
Q9UPT9,Q13469,1,13.764,2.48,0.7527090907096863,0.967270851135254,0.646641731262207,0.5501176508366663,0.5061949491500854,0.7220920103556949,0.4519252074110189,0.5671554275604874
Q9UPT9,Q14469,1,7.678242,3.6738,0.9447360634803772,0.127492070198059,0.702455997467041,0.5558680552600723,0.5183171033859253,0.5,0.5372121415848934,0.33930425166281986
Q9UPT9,Q96EB6,1,31.888584,7.912800000000001,0.769733190536499,0.938991904258728,0.6082901954650879,0.4279190135087972,0.4825752675533294,0.510314702716318,0.6200317101333079,0.6870532164486624
Q96K76,O95863,1,1.71,1.0,0.4819099903106689,0.0172529928386211,0.7405803799629211,0.4382036578156958,0.4909441173076629,0.1760152880087379,0.2669823785942835,0.3304477103834293
Q96K76,P12830,1,7.1424,2.48,0.8046025037765503,0.832065761089325,0.7345929145812988,0.545220710823767,0.5044522881507874,0.4362722593380032,0.3765662298058175,0.5808301583536769
Q96K76,P35222,1,104.017245,22.2735,0.906292200088501,0.9537877440452576,0.7081626057624817,0.5755654300689155,0.5254805684089661,0.6388761785952797,0.4609040939838701,0.9238013697454738
Q96K76,Q9UGP5,1,5.3865,3.15,0.4100047647953033,0.0337630584836006,0.2942223846912384,0.4996706890886353,0.5120335817337036,0.3536160556389052,0.3536491736130635,0.2228583623227023
Q92905,Q9NZQ7,1,3.9597,1.97,0.2135638743638992,0.0373188443481922,0.4962471723556518,0.4126199515927052,0.4820713400840759,0.3487668281911454,0.7083721022916791,0.6181092674610421
Q0WX57,O95760,1,3.5938,2.38,0.0164132919162511,0.0178870800882577,0.3219674229621887,0.4345811408186407,0.4912660121917724,0.382908318212564,0.5300453276277386,0.06626028064951535
Q0WX57,P51449,1,35.19213,22.2735,0.8795640468597412,0.9983408451080322,0.5336437225341797,0.5786475353051517,0.5168796181678772,0.6912633645103734,0.386166748689821,0.98876038452675
Q0WX57,Q92769,1,3.9184,2.48,0.7964361310005188,0.1374213248491287,0.7388719916343689,0.522966840627776,0.5086812376976013,0.4051977332116847,0.5362028741524949,0.1040046062139073
Q0WX57,Q9H7L9,1,3.034,1.85,0.9765911102294922,0.9547508358955384,0.8060977458953857,0.4513245676717607,0.5118032693862915,0.7080114452409149,0.5087352063266393,0.6783159907754541
Q0WX57,Q9Y256,1,3.315,1.5,0.9999866485595704,0.9760388731956482,0.3393855690956116,0.5462349742022146,0.5013719201087952,0.6435315371136034,0.6651631162122067,0.5236103059372416
Q9P2H5,P21796,1,1.0,1.0,0.9772543907165528,0.8208649158477783,0.7397224307060242,0.4859142088704961,0.5322538018226624,0.6641643873439919,0.5449698846638364,0.8407461524748656
Q9P2H5,Q8NFZ5,1,23.16816,8.5808,0.0019006839720532,0.0002740791533142,0.0867537483572959,0.3218365029178283,0.496332436800003,0.2226987059755859,0.4934037285584127,0.008667010758091861
Q9Y5T5,P0C0S8,1,49.536648,32.5899,0.9400439262390136,0.9895448088645936,0.7390111088752747,0.7726556200713606,0.5304469466209412,0.6196249434084731,0.6430438867558754,0.9087807643026193
Q9Y5T5,P53350,1,9.198,2.52,0.729027271270752,0.474595695734024,0.6566238403320312,0.4855762271131212,0.5029560327529907,0.2835041626339401,0.509608211516284,0.1560507906638858
Q9Y5T5,Q9H9S0,1,28.42182,13.797,0.941028654575348,0.9617112278938292,0.6623153686523438,0.5553044749516767,0.5289521813392639,0.5861146421689258,0.5541546113052779,0.6789136118970381
O94966,O60337,1,6.069,2.38,0.9318310022354126,0.119257241487503,0.8472957015037537,0.5535464753876397,0.5124629139900208,0.2999735405305024,0.449864021873474,0.7746817600627932
O94966,O75581,1,5.6406,2.38,0.0251257196068763,0.980847179889679,0.5404232144355774,0.5892963972269343,0.4894350171089172,0.6019253113437661,0.6049477425203003,0.9198219739827096
O94966,Q13114,1,17.6733,6.57,0.9327643513679504,0.8573938608169556,0.8270736932754517,0.6564319561509769,0.5197601914405823,0.5615687059381405,0.3853817530614417,0.7142576575320811
O94966,Q13547,1,90.19197,38.709,0.8099867105484009,0.3843544423580169,0.7932146787643433,0.4627264891063389,0.4600211977958679,0.5789951046214694,0.5244715960915652,0.8151348745101463
O94966,Q14457,1,2.1411,1.17,0.9946658611297609,0.9430058002471924,0.7862874269485474,0.6378264746760205,0.5126540064811707,0.5315545374124515,0.4982506419947001,0.7234750055375606
O94966,Q5XPI4,1,23.484412,11.4002,0.9606509804725648,0.8015524744987488,0.6998775005340576,0.5394625633503264,0.5104168057441711,0.4843581993663604,0.6086408462039271,0.004100889611479319
O94966,Q86TM6,1,17.0415,3.15,0.6529023051261902,0.9171363711357116,0.5608218312263489,0.5567258166710484,0.5239765644073486,0.52245801097582,0.5329003771672104,0.7869237361496957
O94966,Q92769,1,4.9848,2.48,0.6992785930633545,0.7628065943717957,0.7322266697883606,0.4577829370080088,0.4945745170116424,0.5873147784910162,0.5070786122954711,0.27692639340090563
O94966,Q92828,1,11.4002,11.4002,0.3840663433074951,0.9469943046569824,0.6101762652397156,0.5792303562173996,0.5194706320762634,0.5813271270944769,0.3850553583116435,0.6328251539000753
Q70CQ1,P62807,1,49.85064,7.912800000000001,0.9962185025215148,0.9969580173492432,0.874284565448761,0.779055780090477,0.5292402505874634,0.6808487898546063,0.8844931217036215,0.9670961670301165
Q70CQ1,Q13451,1,1.5,1.5,0.4713998734951019,0.2307099997997284,0.6591249704360962,0.4009746891662999,0.4588736295700073,0.5890453216361334,0.7165681900291774,0.08621690343063408
Q9Y4E8,O15111,1,9.0228,4.38,0.9382987022399902,0.6733027100563049,0.7352937459945679,0.5635246042710252,0.5122760534286499,0.5496416107096954,0.6919865500254068,0.8429954647079342
Q9Y4E8,O43541,1,4.6,1.0,0.9863644242286682,0.8324519395828247,0.7659517526626587,0.5369332105154023,0.4812186956405639,0.5439320342355103,0.5338188348092002,0.16026390013440558
Q9Y4E8,P21796,1,2.21,1.0,0.9941839575767516,0.9567625522613524,0.6955247521400452,0.452761965140795,0.5181070566177368,0.5441900545868444,0.3065838574979169,0.6909254353182457
Q9Y4E8,P25054,1,14.9026,5.54,0.1098073795437812,0.0451910495758056,0.5841183662414551,0.3946960941101493,0.5283904075622559,0.4322834612960832,0.6242055038521577,0.9989872776245762
Q9Y4E8,P35222,1,66.852864,14.2848,0.9419775009155272,0.9784992933273317,0.745194137096405,0.5553434909652128,0.5254805684089661,0.6720786345646088,0.6024659765839012,0.847421154304776
Q9Y4E8,P36894,1,23.3376,4.29,0.8917471170425415,0.437286913394928,0.6906044483184814,0.5461135196455096,0.5083762407302856,0.5856909361524676,0.7712307879626205,0.5864849229812752
Q9Y4E8,P36897,1,21.8214,4.49,0.9622339010238647,0.9944158792495728,0.6453256607055664,0.6014434278532675,0.5151456594467163,0.7411073983354005,0.6130613473952637,0.9077653499465432
Q9Y4E8,P42574,1,6.069,2.38,0.769801139831543,0.2093172222375869,0.7351781129837036,0.4365703748480672,0.5138972401618958,0.4450579120923484,0.5345894171155866,0.6106883787729871
Q9Y4E8,P51449,1,15.6372,3.14,0.983514666557312,0.9904083013534546,0.7073216438293457,0.6161066214201694,0.5143992304801941,0.7027598862519773,0.5405561936082892,0.9955582216091785
Q9Y4E8,P62807,1,17.723,4.79,0.9923061728477478,0.9873813390731812,0.8779167532920837,0.6724317235404856,0.5362167954444885,0.632700142900749,0.265644831515384,0.8708985922019236
Q9Y4E8,P62877,1,5.41,1.0,0.808991551399231,0.8337729573249817,0.5921226143836975,0.3947386068208142,0.4607197344303131,0.4616740664256116,0.4325218712015279,0.6781979227772743
Q9Y4E8,P84022,1,4.86,1.0,0.9003353118896484,0.9240865111351012,0.8304560780525208,0.5883640860891348,0.5123147368431091,0.6405996442976488,0.5743515690899758,0.7835912239422209
Q9Y4E8,Q00987,1,36.307915,9.7865,0.9953985810279846,0.9995028972625732,0.9515100717544556,0.5919942206202298,0.5278568863868713,0.7695572281620504,0.7675428832547883,0.9798420127735507
Q9Y4E8,Q13127,1,3.6,1.0,0.9622310400009156,0.9138564467430116,0.6306188702583313,0.4674086824648633,0.475385457277298,0.51582034203483,0.4560074345641172,0.7480996993779802
Q9Y4E8,Q14145,1,2.33,1.0,0.1618483811616897,0.8363099098205566,0.6382104158401489,0.5164018586669947,0.4873131215572357,0.5710600250236373,0.5534816061614352,0.6942602505937125
Q9Y4E8,Q14258,1,14.9026,5.54,0.0543087683618068,0.0795669108629226,0.5842600464820862,0.4188630231039629,0.4761646091938019,0.3888593938706092,0.4610235234673829,0.7625792037133491
Q9Y4E8,Q14494,1,9.9484,2.38,0.8938062787055969,0.7668087482452393,0.6458974480628967,0.552084272919469,0.5145600438117981,0.618722877619326,0.5302797591390958,0.8237245865913835
Q9Y4E8,Q15020,1,9.0228,4.38,0.048990573734045,0.0031381722074002,0.6275781989097595,0.4160509001325533,0.4672972559928894,0.4226506843465503,0.4408611812669019,0.0035515492636585544
Q9Y4E8,Q7Z569,1,6.069,2.38,0.2278003692626953,0.9916821718215942,0.5772713422775269,0.4084603702712455,0.4577058851718902,0.5092746708586245,0.6096972200310217,0.9956754602709998
Q9Y4E8,Q8WWY3,1,4.9028,2.38,0.0901827439665794,0.0559743680059909,0.5054712295532227,0.4445327618397535,0.4791457056999206,0.3775171095928644,0.6955032371293349,0.32661515949768044
Q9Y4E8,Q9HAU4,1,18.177,4.38,0.7336858510971069,0.0083958217874169,0.4773728251457214,0.5000281730114715,0.5080307722091675,0.2165521782405577,0.4604051332175956,0.0065355639878094205
Q9UK80,O95760,1,5.6406,2.38,0.0281838476657867,0.8154948949813843,0.3309592306613922,0.4504887348326958,0.4893032908439636,0.4787677819481035,0.4941924117393718,0.42976675902982847
Q9UK80,O95786,1,24.941034,14.5854,0.9863147735595704,0.9991461038589478,0.6923012733459473,0.6546231418808692,0.5133112072944641,0.653137323170391,0.6295729735140557,0.9794874249543235
Q9UK80,P0C0S8,1,76.773,47.1,0.9154314398765564,0.9938008189201356,0.7184284925460815,0.7826787077009617,0.5304469466209412,0.6511561863357417,0.7333119919887948,0.8668432579075308
Q9UK80,P23771,1,5.6406,2.38,0.7821851968765259,0.9946413040161132,0.5460476875305176,0.5796218338255497,0.5024976134300232,0.7096352339496363,0.6295676219025451,0.9864187883510688
Q9UK80,P36507,1,5.2668,2.52,0.7635828256607056,0.0005976027459837,0.4349392056465149,0.4047847249216027,0.4697082638740539,0.3493743759543909,0.5252187140113963,0.06972353544168726
Q9UK80,P51587,1,5.3865,3.15,0.0013561659725382,0.9794166088104248,0.626358151435852,0.502326804176591,0.5074499249458313,0.5694754104676473,0.5941885461335503,0.9999912706332313
Q9UK80,Q13546,1,38.456208,7.912800000000001,0.5278820395469666,0.9489827752113342,0.4781769216060638,0.5401757738782418,0.4934247732162475,0.5296128180538564,0.4786681954195473,0.7527718921164359
Q9UK80,Q86WV6,1,20.97144,13.797,0.9439514875411988,0.9955874681472778,0.8837406039237976,0.6293164657511767,0.507972002029419,0.6779218739647319,0.6092854480264223,0.7024821734863094
Q9UK80,Q9BZS1,1,27.431668,13.1252,0.984111785888672,0.9772143363952636,0.6687604188919067,0.625683455231649,0.5199965834617615,0.5644320477790294,0.5560289372485656,0.5529453481665532
Q9UK80,Q9H9S0,1,16.537752,7.912800000000001,0.9463274478912354,0.9704827070236206,0.5963417291641235,0.5879850019511066,0.5232276916503906,0.6580661476355931,0.6884377915598825,0.6293174810201267
P09936,P09936,1,8.5995,1.17,0.0161679442971944,0.0167752783745527,0.422768235206604,0.3919370289046265,0.4606728851795196,0.1602350350724544,0.4449265729244285,0.1260308563368832
P09936,Q16620,1,6.3,1.0,0.8316423296928406,0.9988245368003844,0.6280589699745178,0.5371053770237266,0.5166239738464355,0.5985525808993273,0.6913858288062084,0.9938802682005864
P09936,Q16665,1,12.775,1.0,0.9856309294700624,0.9606910347938538,0.6352894902229309,0.605505077435925,0.5076199769973755,0.6418260128519269,0.609403380389396,0.9049465173980619
P09936,Q92905,1,6.8856,1.0,0.0233808010816574,0.0372458845376968,0.5826820135116577,0.4571587555529293,0.5308220386505127,0.3979034223871593,0.5331311234787478,0.11009124663617345
P09936,Q9NPH5,1,4.7151,1.17,0.9913082718849182,0.9889419078826904,0.7420501112937927,0.5730049680467953,0.5076334476470947,0.668191520744065,0.6220694112094328,0.9783357364420382
Q8NB14,Q9UHD2,1,3.1126,1.97,0.925498068332672,0.0668358132243156,0.4709454178810119,0.5069787547418297,0.5052425861358643,0.5613695630853656,0.6096731929529426,0.19463289723357227
O94782,O60346,1,22.205003,14.7053,0.9983505010604858,0.9962614178657532,0.5893710255622864,0.6434296759560414,0.5278284549713135,0.7263798937613818,0.7428881598818395,0.9939918461354429
O94782,P12004,1,4.3105,1.85,0.5285688042640686,0.9615477323532104,0.5644517540931702,0.3885664538481631,0.4677582383155823,0.6035023599148237,0.507721354149546,0.7478186070228154
O94782,P41134,1,18.012316,11.4002,0.8922459483146667,0.8482151031494141,0.7599843740463257,0.4181728834286878,0.4581733047962188,0.5787670614256374,0.7121889349635784,0.1792664420214792
O94782,Q02363,1,4.2705,1.17,0.76820969581604,0.1243845000863075,0.6046767830848694,0.4092262169812932,0.5174219012260437,0.5137795243114665,0.5416349813838568,0.019342316757780798
O94782,Q02535,1,11.3523,4.79,0.8302698135375977,0.9661593437194824,0.678582489490509,0.3692226824498426,0.5054054260253906,0.6282239950674954,0.707334812421331,0.810173791293131
O94782,Q9BXW9,1,15.04686,1.97,0.374836653470993,0.3810187876224518,0.1508664488792419,0.552650197177794,0.4672972559928894,0.5453569833773761,0.5601310905103164,0.9620251899262728
O94782,Q9NVI1,1,6.069,2.38,0.0365675240755081,0.5190438628196716,0.5880731344223022,0.4907254506847021,0.483121782541275,0.3157170870019834,0.6262113631795864,0.8752362608252202
P35125,P05412,1,12.3453,3.19,0.9184027314186096,0.0325293280184268,0.7811822891235352,0.4890507967328366,0.5067796111106873,0.4390846636757976,0.2674703393646288,0.0007353947207432858
P35125,P14780,1,10.769596,6.8162,0.9832023978233336,0.4074967801570892,0.8044765591621399,0.592880618090025,0.5063102841377258,0.4584845360381827,0.515697530202431,0.06283153507052208
Q92995,O75030,1,38.476185,17.8959,0.7339203357696533,0.8167728185653687,0.6556242108345032,0.5540918540423995,0.5236322283744812,0.5962312132234898,0.3969590755982504,0.020544084224625857
Q92995,Q07820,1,8.55855,1.17,0.9710973501205444,0.9925645589828492,0.7508935928344727,0.4228983842918265,0.5255168676376343,0.4832123561479819,0.30621912911743,0.9883521913560425
Q92995,Q14457,1,2.4453,1.17,0.9960922598838806,0.9928047060966492,0.6252707242965698,0.6530529505147453,0.5237778425216675,0.7603516069669848,0.5346055881551297,0.7977660571881265
Q92995,Q86WV6,1,83.52105,38.847,0.948291540145874,0.9908578991889954,0.8250314593315125,0.5955810907201499,0.5257360935211182,0.6772686588817869,0.3984468051179495,0.7979039688366129
Q92995,Q96RL1,1,4.035,1.5,0.6076821088790894,0.0422226376831531,0.4001695215702057,0.4694479139436661,0.5100057721138,0.3140513164581621,0.6935301550474047,0.015729756678709093
Q9Y6I4,O95786,1,11.4002,11.4002,0.9502583742141724,0.9951196908950806,0.6565461158752441,0.6518967681517427,0.5039594769477844,0.5938321811827527,0.6479413832194943,0.9253197282530206
Q9Y6I4,P04637,1,82.566172,33.4276,0.9901247024536132,0.9845339059829712,0.8991880416870117,0.8069391947921212,0.5332346558570862,0.6049317634878827,0.6030579926443231,0.9440344436922736
Q9Y6I4,P0C0S8,1,176.311359,32.5899,0.976952314376831,0.9739587306976318,0.7725405097007751,0.7955058289124034,0.5292402505874634,0.6248463303338783,0.8028828132614948,0.8038453848351446
Q9Y6I4,P16104,1,36.322091,14.7053,0.979544758796692,0.993766188621521,0.8162599205970764,0.8607733221996127,0.5343108177185059,0.6895108800337161,0.8798977699776447,0.8082629427260912
Q9Y6I4,P62807,1,39.405744,7.912800000000001,0.9883540868759156,0.989200472831726,0.806204080581665,0.7993471722441297,0.5332116484642029,0.6184808658750062,0.8647638681682148,0.7113767668355093
Q9Y6I4,Q96RL1,1,3.1126,1.97,0.4150125980377197,0.0011912618065252,0.3862382471561432,0.4387423473105065,0.4804223179817199,0.19105822693029,0.4624821955452813,0.0011884658639238783
Q9Y6I4,Q9H9S0,1,78.34824,14.1168,0.9312466382980348,0.7872677445411682,0.6353814005851746,0.5876498634159688,0.5301837921142578,0.5767628258972709,0.6086996147762208,0.5211394056600617
P51784,O14920,1,9.9864,6.57,0.6441760659217834,0.0634805187582969,0.5480499863624573,0.4874870037827828,0.4902607202529907,0.4523583871239369,0.5449860907264152,0.5535934764934746
P51784,O15111,1,20.97144,13.797,0.8208432793617249,0.9705495238304138,0.6583511829376221,0.5391497617901436,0.4740110635757446,0.5743212740945325,0.4736604336550708,0.7744881190444644
P51784,O43663,1,4.9742,2.38,0.9992488026618958,0.9327791333198548,0.6938411593437195,0.5634997193569112,0.5288635492324829,0.5965451426466496,0.464971219719925,0.9820596962900728
P51784,P04637,1,1052.69147648,56.729600000000005,0.9632927775382996,0.9944948554039,0.9302675127983092,0.7905235138580622,0.5254805684089661,0.6458622937780176,0.464669082772542,0.8456785582951699
P51784,P16104,1,29.140584,9.6492,0.9520464539527892,0.9138481616973876,0.8065851330757141,0.6404760879516153,0.5275296568870544,0.5624280538888068,0.3055339469011155,0.5524979433057391
P51784,P25963,1,5.4963,1.97,0.5356330275535583,0.9715168476104736,0.673919677734375,0.5047892649756816,0.5322538018226624,0.6259302452584805,0.5456925184666742,0.7955212546969883
P51784,P29590,1,6.0228,2.52,0.9260826706886292,0.6815855503082275,0.7248910665512085,0.5367714453876028,0.5111994743347168,0.5170077144285302,0.4454426642950679,0.4946165611488279
P51784,P35226,1,101.1428145,7.8741,0.8271427750587463,0.9320892095565796,0.7830387949943542,0.5506377630128181,0.5191019177436829,0.582155274279459,0.3890602592193535,0.7240886222741792
P51784,P36897,1,48.7792305,6.4350000000000005,0.94472074508667,0.879705548286438,0.7091483473777771,0.6251417013807796,0.508255660533905,0.5395607186697194,0.4627264988159886,0.6699810023993633
P51784,P37173,1,18.40374,6.8162,0.5865626335144043,0.995296061038971,0.6735444664955139,0.528712340704707,0.5145930647850037,0.6411817043028163,0.5389098321797087,0.3779911154903012
P51784,P51587,1,4.9742,2.38,0.9950372576713562,0.9970393776893616,0.7733247876167297,0.4616217033174123,0.4988360106945038,0.5950912964027395,0.4617182994493677,0.8351476492092135
P51784,P98170,1,2.04,1.5,0.8950046300888062,0.9960886240005492,0.5759159326553345,0.5173648529173738,0.4558785259723663,0.5,0.5515325387634766,0.9964730716990267
P51784,Q01831,1,14.3583,6.27,0.9999868869781494,0.9171130061149596,0.9440963864326476,0.5298921383899744,0.5233051180839539,0.5568329575721359,0.4645882249065236,0.443036262856563
P51784,Q14135,1,2.04,1.5,0.0453775040805339,0.5077587366104126,0.7526142001152039,0.522503590089175,0.4667017757892608,0.6229935440406791,0.5471134217038642,0.3617627762116888
P51784,Q92633,1,16.8492,11.085,0.8269504904747009,0.6839560270309448,0.6755077838897705,0.5449851974714075,0.5093263387680054,0.4732895238962356,0.6162644785466624,0.22743659387476878
P51784,Q96S59,1,169.40826672,18.3736,0.7915194630622864,0.0808096379041671,0.5160031914710999,0.5525399995270921,0.4697082638740539,0.3987052858957299,0.529949677703325,0.1745587820330101
P21580,O43353,1,430.8206544,45.464400000000005,0.6675825715065002,0.9717357754707336,0.7224617004394531,0.5863033200753798,0.530724048614502,0.5365286729538448,0.5479208832369598,0.17233380553348554
P21580,P04637,1,22.52301,1.97,0.9795874357223512,0.9982396364212036,0.9516772627830504,0.8406949658960475,0.5157978534698486,0.6989184667691175,0.6011688900515085,0.9262053705910167
P21580,P19838,1,79.223412,33.4276,0.9872130751609802,0.9945783615112304,0.72385174036026,0.5893233331533879,0.5166239738464355,0.5525472614189979,0.6196780004405243,0.626735743938254
P21580,Q12933,1,285.5475,77.175,0.9167393445968628,0.9541006088256836,0.7922637462615967,0.5862233214656005,0.5148835778236389,0.6278628706089507,0.6050736047954524,0.8025378885360501
P21580,Q13137,1,4.469,1.0,0.6040775179862976,0.0113818552345037,0.5590742826461792,0.4863048523449588,0.4581565260887146,0.3720573433174808,0.545980845734175,0.1705751671961522
P21580,Q13546,1,33.20031,7.085000000000001,0.9305136799812316,0.9603092670440674,0.6789706349372864,0.7021657426252351,0.5153354406356812,0.6045835585767034,0.7659056143078177,0.8325651868180652
P21580,Q14457,1,2.88,1.0,0.9986304044723512,0.9618998169898988,0.7020277380943298,0.6423699260257308,0.5237778425216675,0.6505706519076556,0.6204743347575222,0.6996293288939738
P21580,Q14790,1,14.22603,1.17,0.2230377346277237,0.8749323487281799,0.7488601803779602,0.4912087073243609,0.4985483288764953,0.4278120858431765,0.4695161210151137,0.9619092421417721
P21580,Q92985,1,11.433,1.0,0.7940015196800232,0.8847195506095886,0.6382936239242554,0.4782201603403371,0.5117236375808716,0.5977516570403689,0.6048629520906849,0.3532074552300749
P21580,Q9Y4K3,1,179.6012988,31.9121,0.958836793899536,0.942420482635498,0.6906920671463013,0.7636859470622714,0.5335735082626343,0.5930355880040923,0.550955487769279,0.9036608641064262
P21580,Q9Y6K9,1,14.4522,2.48,0.6765775680541992,0.9911401867866516,0.8663596510887146,0.5777101382458497,0.5143554210662842,0.6187080201480666,0.5258086220013798,0.45971971581162274
Q86UV5,P08151,1,3.19,3.19,0.9908474683761596,0.9722087383270264,0.6978960037231445,0.5792494093848514,0.5180594325065613,0.4338047450900538,0.4735439778354687,0.9526403022816278
Q86UV5,Q12933,1,23.16816,8.5808,0.839461088180542,0.7856922149658203,0.7314704656600952,0.6211842901050498,0.5328927040100098,0.5230689452158424,0.5060747507214864,0.5915666344500693
Q9BXU7,O43663,1,3.7604,2.38,0.9993301630020142,0.9493948817253112,0.6861734986305237,0.5790467116670354,0.5225729942321777,0.5212783093971938,0.581154402957472,0.9586437363558253
Q9BXU7,P0C0S8,1,23.234374,14.7053,0.915456473827362,0.6369504332542419,0.7169842720031738,0.7647537464848864,0.5304469466209412,0.5074717097054153,0.4502138947972726,0.2833049161532217
Q9BXU7,P10275,1,35.396592,19.3424,0.7716648578643799,0.4219860434532165,0.5519368648529053,0.5411259845841928,0.5223281383514404,0.4305289667797918,0.5486280222227654,0.19046106161777812
Q9BXU7,Q00987,1,13.700562,6.8162,0.9950350522994996,0.983046054840088,0.9550286531448364,0.6354535663561215,0.5240951180458069,0.5868553129560639,0.5801651685595379,0.8353865907532406
Q9UHP3,O95271,1,3.1126,1.97,0.9906914830207824,0.9917974472045898,0.5116517543792725,0.4887940676454404,0.4857870638370514,0.5068340792589476,0.6039472520862303,0.9507910662592601
Q9UHP3,P50991,1,10.3994,3.19,0.7234557271003723,0.1619161367416381,0.5906233191490173,0.5027568124777261,0.5090978145599365,0.5632932113055323,0.4599836729018088,0.11807955519373313
Q9UHP3,Q13114,1,13.5342,6.57,0.906253457069397,0.9749554991722108,0.7677138447761536,0.5773050238050339,0.5065689086914062,0.6209852649090258,0.5692037780211547,0.9579127491696956
Q13107,O15530,1,47.7411,10.3785,0.8490185141563416,0.0554434619843959,0.7277666330337524,0.4756436928781388,0.521274983882904,0.443614932743163,0.6106953672571329,0.01924873237294664
Q13107,O75365,1,9.0228,4.38,0.845372200012207,0.0117176445201039,0.6849076747894287,0.3263488585626354,0.4732073843479156,0.2891526047872845,0.0857250666532946,0.13212374898578125
Q13107,O95786,1,66.630487,17.959699999999998,0.9672796726226808,0.997825562953949,0.607075035572052,0.6267952173708717,0.5264407992362976,0.6695197582321974,0.7667744562547544,0.9193680739839645
Q13107,P04637,1,1188.87058932,123.6938,0.9845941066741944,0.9958765506744384,0.9378957152366638,0.8465216444711782,0.534648597240448,0.684082153770719,0.3064976428272227,0.911795498899813
Q13107,P06400,1,198.5493642,19.5866,0.998675525188446,0.9992817044258118,0.8851963877677917,0.6468289654941286,0.517833411693573,0.6923763469758437,0.70041625860976,0.9889150451855178
Q13107,P15884,1,595.26316416,57.4656,0.5769054293632507,0.9756798148155212,0.8160547614097595,0.4792177241833725,0.4767831265926361,0.6989897451166727,0.6975950466961282,0.019032474374310465
Q13107,P19474,1,5.8653,1.0,0.0650471970438957,0.0136480508372187,0.5553741455078125,0.4478228238838529,0.4919010996818542,0.2678947537380451,0.4537900799747388,0.011737135885948706
Q13107,P28749,1,494.88556656,18.3736,0.9955164790153505,0.0760958641767501,0.9277499914169312,0.4926111334689351,0.4960114955902099,0.4632089550310503,0.6244213119452923,0.8273983001265414
Q13107,P35222,1,358.42977954,19.3158,0.99433571100235,0.99346524477005,0.8137838840484619,0.6519852278311288,0.5323957800865173,0.645510556337567,0.6214073926225299,0.8090608330666367
Q13107,P36897,1,53.864748,4.033,0.9518945813179016,0.8880043029785156,0.7255752086639404,0.6300638680929391,0.508255660533905,0.5580005270642157,0.540554528337014,0.8233628989081576
Q13107,P49116,1,56.256896,28.9984,0.9552468061447144,0.9890615940093994,0.6578366756439209,0.6220154065936757,0.4998998939990997,0.6656037219729278,0.5395594494313619,0.6608459536654099
Q13107,P51449,1,16.537752,7.912800000000001,0.9728612303733826,0.998878538608551,0.7048091292381287,0.6260326515815211,0.5206848382949829,0.676227846918307,0.5456493621535464,0.9721694619747024
Q13107,P62937,1,5.44,1.0,0.2598344683647156,0.8966267108917236,0.6026819348335266,0.3731906737026246,0.5150220394134521,0.5,0.0836566392231974,0.9163874200059043
Q13107,Q02556,1,6.8585,3.19,0.8220109939575195,0.9999080896377563,0.5438510775566101,0.5035080494591989,0.5186055898666382,0.692019646240797,0.3941084113161237,0.9997895891803993
Q13107,Q08999,1,78.749568,11.3472,0.9981618523597716,0.927567720413208,0.8222467303276062,0.5163771708964555,0.4906550645828247,0.6101126636489008,0.5575662072915538,0.13521230000579984
Q13107,Q12933,1,317.47375968,18.3736,0.9715307950973512,0.9692615866661072,0.8488138914108276,0.6779955076889921,0.5141158103942871,0.5927354459529384,0.3852135078809353,0.7041676653985879
Q13107,Q13107,1,16.42284,3.15,0.0443768501281738,0.175994336605072,0.508029043674469,0.4595566421346332,0.4852058887481689,0.424223819984571,0.5956879144267233,0.19301115242355568
Q13107,Q13546,1,68.673751,14.7053,0.898232638835907,0.9436694383621216,0.6646298170089722,0.658277405152877,0.5265510082244873,0.5502186300648608,0.6918932111138857,0.6182787522202357
Q13107,Q15287,1,2.2464,1.17,0.0262784659862518,0.9533069133758544,0.5522950887680054,0.4110330972132828,0.5266872048377991,0.5386552338744214,0.3053484742834401,0.664359127005381
Q13107,Q15306,1,8.6025,1.85,0.8786484599113464,0.961275279521942,0.5451400876045227,0.5294549088363294,0.5199965834617615,0.5502664773154995,0.4731313169369868,0.9726807617796792
Q13107,Q9Y4K3,1,35.7408,6.57,0.9388923645019532,0.8001278042793274,0.8142133951187134,0.7115984344173918,0.5095208883285522,0.4835737635879438,0.5366517608577966,0.790776820822095
P54252,O60260,1,12.7596,1.0,0.0838014855980873,0.998427152633667,0.5341490507125854,0.5115502397103009,0.4947627782821655,0.6268440121498589,0.4575322841917922,0.9682814631781905
P54252,P04637,1,8.0878,1.0,0.9748317003250122,0.9991896748542786,0.9114034175872804,0.8422854080820374,0.534648597240448,0.7824897190122492,0.4690685707685632,0.9799159477993382
P54252,P55072,1,7.9709,1.0,0.2300741821527481,0.7433932423591614,0.5661672353744507,0.4577495806716352,0.5069974064826965,0.438823013638815,0.6177952141363898,0.8346828843006558
P54252,Q07812,1,4.76,1.0,0.983587086200714,0.7981895208358765,0.825467586517334,0.4379283999698913,0.4894018471240997,0.5266736759084241,0.4042606186703929,0.8497845282940554
P54252,Q92934,1,5.44,1.0,0.0594464279711246,0.874776303768158,0.5333171486854553,0.3957014160988396,0.4577058851718902,0.5680728876506148,0.5600599366835791,0.6263930858163449
P54252,Q9UNE7,1,49.77,1.0,0.0713386312127113,0.0018350658938288,0.5705456137657166,0.3965117248692533,0.4658303558826446,0.274069406433532,0.5431769658099813,0.27532884549170306
Q9UPU5,P04637,1,82.566172,33.4276,0.8640475273132324,0.917824923992157,0.9110239148139954,0.7831748071155371,0.530724048614502,0.5614389373263542,0.3654651520078269,0.9012308426850426
Q9UPU5,Q92466,1,10.769596,6.8162,0.401601493358612,0.8210368156433105,0.6133418083190918,0.4963649943712044,0.4983841180801391,0.4612965307009329,0.4766470715440538,0.351361923275419
Q5VVQ6,P17661,1,3.1126,1.97,0.0562351085245609,0.0002849547308869,0.6369206309318542,0.3640792978758698,0.4741187691688537,0.2940407726184252,0.2925874699803416,0.02194893729788941
Q5VVQ6,P55072,1,5.8266,1.17,0.9988858103752136,0.9788566827774048,0.6153050661087036,0.4512089125744981,0.507098913192749,0.6503818586969823,0.6379242321746571,0.9952386296556159
Q5VVQ6,Q96J02,1,35.2928,13.12,0.9805324673652648,0.3478921949863434,0.6375412344932556,0.5285864986627021,0.5083762407302856,0.3232742768998607,0.7894373744921217,0.9436830342509794
P40818,O15554,1,5.4963,1.97,0.681634247303009,0.0103491460904479,0.5468423962593079,0.4113952833222112,0.4949499666690826,0.3322544803787449,0.3756489122306521,0.023245847179445715
P40818,O60260,1,10.9335,1.97,0.1210337355732917,0.8949643969535828,0.5328288078308105,0.4989629491580881,0.4947627782821655,0.533403389896324,0.306230160352864,0.9246338366885135
P40818,O94979,1,4.53,1.5,0.0211944337934255,0.9690549969673156,0.4636168479919433,0.5211305447662912,0.5054945349693298,0.5723310500291849,0.7727559646810924,0.01030836313305946
P40818,P00533,1,168.85562562,16.8751,0.850881040096283,0.9843250513076782,0.6093412637710571,0.5382469871822342,0.4875058531761169,0.6447663267640836,0.779084901207433,0.25948047537726004
P40818,P04626,1,166.647456,17.9577,0.8568674325942993,0.9997307658195496,0.6387892961502075,0.641732818704617,0.5180133581161499,0.8143960779578138,0.778740417232434,0.7227375591107957
P40818,P04629,1,82.61462,17.959699999999998,0.4961835443973541,0.192187562584877,0.5224394798278809,0.4546760341631077,0.4882134199142456,0.575649827666616,0.6171779964650776,0.10877321237970008
P40818,P08581,1,593.025048,41.0256,0.7329468727111816,0.8664239048957825,0.5371230840682983,0.5400912982393106,0.5079880356788635,0.6555663381897064,0.6987598341355225,0.3417748840985886
P40818,P17302,1,35.8344,2.52,0.1814473271369934,0.1422348916530609,0.3946946859359741,0.4130572353710836,0.5037407875061035,0.290939636973608,0.1517715372619479,0.0917313458622713
P40818,P21860,1,740.9639664,23.2785,0.9702238440513612,0.9982365369796752,0.6945300698280334,0.6520028163128511,0.5261010527610779,0.729510511625318,0.8476000064952594,0.9708953179153316
P40818,P37088,1,5.9292,2.43,0.9273882508277892,0.9914165139198304,0.6751862168312073,0.6278994476602007,0.5270727276802063,0.7112021404960233,0.6135756129145442,0.8093603822808071
P40818,P42261,1,20.516762,6.8162,0.9524742364883424,0.9034035801887512,0.4916826784610748,0.5645659930752243,0.5215755701065063,0.6403582887436694,0.6956687523302049,0.05306421039919526
P40818,P55085,1,256.0212711,13.797,0.9975306391716005,0.887208878993988,0.5331575274467468,0.5177917565829666,0.4867251813411712,0.5506375197058986,0.3011619247168562,0.8267326710107203
P40818,P56817,1,8.4915,1.85,0.9502079486846924,0.0437245145440101,0.7022958993911743,0.5174739571167282,0.5046722888946533,0.3546285280171772,0.4581730887328558,0.08682639196368033
P40818,Q16665,1,11.34,3.15,0.9761573076248168,0.8385456204414368,0.7063347697257996,0.6605799461263737,0.5271823406219482,0.6900098441356542,0.462052636401573,0.7738727880092479
P40818,Q6FHJ7,1,7.0056,2.52,0.5428104400634766,0.0018838028190657,0.7131690382957458,0.4372737588342645,0.4959251582622528,0.3657922590499437,0.1467582094477135,0.16220948869807883
P40818,Q96J02,1,101.639916,7.912800000000001,0.865983247756958,0.965319037437439,0.5774301290512085,0.5532074017573207,0.5175939798355103,0.6205770701122001,0.6060940961038557,0.623395598469523
P40818,Q96JA1,1,19.630656,6.8162,0.9760549664497375,0.9995658993721008,0.6819282174110413,0.6540111756788464,0.5180740356445312,0.7866491483571579,0.7766731258882034,0.9999598270441623
P40818,Q99835,1,70.9792,13.12,0.996220886707306,0.9590476155281068,0.7468777298927307,0.6002151702727025,0.5036178231239319,0.6841914883575579,0.6846911216974517,0.8056452732750765
P40818,Q9H4P4,1,4.74201,1.17,0.4997389018535614,0.9621684551239014,0.7098569869995117,0.4664887240289556,0.4575084149837494,0.5643866230576733,0.1493200454741065,0.9914706726690232
Q9NQC7,O14640,1,47.232,13.12,0.9748698472976683,0.2085197567939758,0.5767679214477539,0.4989051997708209,0.509863555431366,0.470059965570609,0.4669192648292092,0.1591244966652367
Q9NQC7,O15105,1,105.11212404,11.4002,0.9940937161445618,0.9971721768379213,0.8567531704902649,0.5486572579871182,0.5148893594741821,0.6325000957396251,0.3749066589819845,0.9691479056746197
Q9NQC7,O43353,1,147.69415108,14.7053,0.8320471048355103,0.7744496464729309,0.7196857929229736,0.6166507134781377,0.5216021537780762,0.6321686473375796,0.777472085526738,0.19626398089263217
Q9NQC7,O95786,1,98.07706062,11.4002,0.9692729711532592,0.9984118938446044,0.4945728182792663,0.6190278474816783,0.5264407992362976,0.7557456744797661,0.533626651568448,0.9387937047015902
Q9NQC7,P04629,1,37.498515,14.7053,0.4533991515636444,0.0804468244314193,0.6198104619979858,0.4620483605081403,0.5060178637504578,0.51753732532998,0.76840759871823,0.2132126107236364
Q9NQC7,P06239,1,122.236308,10.4155,0.7384870052337646,0.9988412261009216,0.6708347201347351,0.5151676721746536,0.4907917082309723,0.7477657834664789,0.6270791482755155,0.9976140343426728
Q9NQC7,P20749,1,19.5138,1.85,0.8231151103973389,0.8036108613014221,0.7042881846427917,0.5435928608358569,0.517365038394928,0.4375969665369178,0.5336330070365718,0.9794230136163425
Q9NQC7,P31749,1,41.23317,3.07,0.8694679141044617,0.0016166784334927,0.4778835475444793,0.4168831067211257,0.4858137369155884,0.2051441128554898,0.4586460367304619,0.2692137943561647
Q9NQC7,P49116,1,22.835568,4.38,0.8662153482437134,0.9573232531547546,0.6799465417861938,0.5923894443457496,0.5126633048057556,0.6861381064968272,0.8503765843681483,0.7802162099217268
Q9NQC7,P53350,1,10.1556,2.52,0.9368460178375244,0.3770392835140228,0.7364832758903503,0.5773494048431697,0.5269787907600403,0.5969521361942121,0.6196369529161286,0.03203652808543848
Q9NQC7,P78352,1,11.718,3.15,0.5944364666938782,0.0678992122411727,0.6023808121681213,0.3776535232064954,0.4783977568149566,0.4152452872000719,0.6154344129566519,0.0010387991709538457
Q9NQC7,Q12933,1,91.5375285,17.8959,0.9574823379516602,0.9048655033111572,0.6482308506965637,0.5985569444420237,0.5148835778236389,0.5762507791266193,0.3169113521661882,0.8185610317392661
Q9NQC7,Q13546,1,120.0874528,12.6728,0.8050428032875061,0.886372983455658,0.5713325142860413,0.5515228721369193,0.5009583830833435,0.6035033965686114,0.8460130941879529,0.7128204281356021
Q9NQC7,Q14669,1,30.292918,14.7053,0.95926034450531,0.2973363399505615,0.697787880897522,0.4618031558446833,0.510742723941803,0.4879905900945622,0.538546227200621,0.9966927414743761
Q9NQC7,Q6Q0C0,1,40.43915136,6.8162,0.8386914730072021,0.1051448062062263,0.7735415101051331,0.5566640397202671,0.5077029466629028,0.3922518365092588,0.6890079529682286,0.2585592803938329
Q9NQC7,Q8NHQ1,1,11.37045,1.5,0.0019792974926531,0.0072528421878814,0.1290676295757293,0.5063758836072935,0.5109792947769165,0.2220153482953116,0.6928990380035407,0.02940598003138899
Q9NQC7,Q9NPH5,1,2.21,1.0,0.9918264150619508,0.9739442467689514,0.6245740652084351,0.532546110786771,0.502589225769043,0.5402045367869499,0.6983630339038716,0.5446581047571181
Q9NQC7,Q9NZN5,1,5.292,2.52,0.9551265239715576,0.9886360168457032,0.741076648235321,0.4759047207671604,0.4682900011539459,0.7385922571705107,0.5276255969388494,0.997895707587487
Q9NQC7,Q9Y4K3,1,84.62566,22.8718,0.9641678929328918,0.9296844601631165,0.6811206340789795,0.7067053572387487,0.5095208883285522,0.5787444910452388,0.4063227446884453,0.8356440279794589
Q9NQC7,Q9Y6K9,1,1195.94273664,96.9568,0.9430577158927916,0.8616783618927002,0.8854977488517761,0.580471925544661,0.5271250605583191,0.5524865302928608,0.3615489772317647,0.62196161943903
Q9P275,P01106,1,69.921399,29.5027,0.8627136945724487,0.9559427499771118,0.6234471201896667,0.5814576083440608,0.5282611846923828,0.5474498697307683,0.6197478831691754,0.9524458749071124
Q9P275,Q9H6R0,1,7.2329,4.79,0.5733460187911987,0.9952592253684998,0.6347912549972534,0.556413635318957,0.5028290748596191,0.6386035212164479,0.5209228224859801,0.9975593101235577
P15374,O15315,1,4.5507,1.97,0.5706822276115417,0.0633756816387176,0.6232687830924988,0.4752084748797017,0.4809779822826385,0.3722251896335244,0.532421178429397,0.0007817966193801839
Q96G74,O00463,1,471.82016,35.4752,0.8293828368186951,0.9865362048149108,0.8492247462272644,0.5351194980183669,0.4955047369003296,0.6852902384110812,0.5288641676390886,0.2843258565499289
Q96G74,O14737,1,2.7,1.0,0.0014409284340217,0.0876597836613655,0.5648084878921509,0.3370777301237702,0.4575084149837494,0.5459086083490406,0.6090095453931113,0.15140344995382063
Q96G74,P04637,1,35.03448,1.97,0.9772658944129944,0.9994518160820008,0.9290009140968324,0.8854715338954481,0.534648597240448,0.7256599122853667,0.5256058513717562,0.9679060325821605
Q96G74,Q12933,1,1142.072862,65.5234,0.9627566933631896,0.9927912950515748,0.7659205198287964,0.6326176657360442,0.5328927040100098,0.5930938850883692,0.6760096983381724,0.8949025751026188
Q96G74,Q13114,1,264.30173858,65.5234,0.9847844839096068,0.9971291422843932,0.8827875852584839,0.7351882613712367,0.5194390416145325,0.6544998217149286,0.6645766464136177,0.9876248821426884
Q96G74,Q9Y4K3,1,564.60096,42.4512,0.9703683257102966,0.9940481185913086,0.7987764477729797,0.7314180706172381,0.530724048614502,0.6355825056893537,0.6066542817410462,0.9852097368766334
A6NNY8,O43521,1,1.58,1.0,0.0486920773983001,0.5883520245552063,0.415811538696289,0.5302441839684374,0.4731168746948242,0.4556104740293399,0.5594094608785902,0.3829051000080708
A6NNY8,P62807,1,18.012316,11.4002,0.9893441200256348,0.9966171383857728,0.8931167721748352,0.7906868765393531,0.5423065423965454,0.7591253719127747,0.780745002125548,0.7358510794078776
A6NNY8,Q14469,1,22.313775,10.3785,0.8823897242546082,0.8137118816375732,0.6681742668151855,0.5039327597394603,0.505150318145752,0.6623162685327737,0.6360156687820374,0.07627868898004987
Q6R6M4,P16104,1,19.4472,4.38,0.8823479413986206,0.9374063014984132,0.8062018156051636,0.792030552775994,0.5275296568870544,0.624988534753175,0.4968747225403141,0.5209398977320957
Q96FW1,O95863,1,1.9071,1.17,0.9353715777397156,0.9682018160820008,0.7750164866447449,0.6381823137956814,0.5282611846923828,0.6223232418949618,0.5332955747780237,0.6068199999483177
Q96FW1,P04637,1,132.49944,11.29,0.9957025647163392,0.998408854007721,0.9226006269454956,0.8171501153937849,0.5332346558570862,0.6487342123846376,0.6158319475264067,0.9749227349487741
Q96FW1,P10636,1,24.885,10.5,0.0062566273845732,0.496392011642456,0.4225277900695801,0.4612094092559091,0.5101394653320312,0.451169833498573,0.4582536331452794,0.13986876062950573
Q96FW1,P27694,1,2.565,1.5,0.0114719606935977,0.3317830562591553,0.2628574669361114,0.5139139504683038,0.5269966721534729,0.5768200348820356,0.6238804994056432,0.36876089482647095
Q96FW1,P61088,1,2.7,1.0,0.2364308685064315,0.0118113337084651,0.6956301331520081,0.3441696846032362,0.4699892699718475,0.2113493655007504,0.3591640166024953,0.8331326612290502
Q96FW1,Q08050,1,3.9597,1.97,0.960865080356598,0.9870941042900084,0.6609284281730652,0.5445222000541854,0.5112578868865967,0.7137320086992374,0.77773312198744,0.9265679561878
Q96FW1,Q13114,1,148.5792,42.4512,0.9460894465446472,0.955965220928192,0.8303537964820862,0.6507094828627382,0.5127288699150085,0.6931788774237759,0.6331515993324103,0.7144743344102836
Q96FW1,Q13490,1,7.5725,3.25,0.8410831093788147,0.6778830885887146,0.43410524725914,0.4405877002228486,0.5021342039108276,0.2810183636921149,0.7014289822652959,0.43967977280611426
Q96FW1,Q15796,1,21.55968,1.97,0.8082525134086609,0.2752815783023834,0.8982135653495789,0.5394949969938131,0.5090978145599365,0.3070122625860294,0.4593800226177589,0.24819656295099693
Q96FW1,Q8TB45,1,2.21,1.0,0.9858168363571168,0.1440044790506363,0.5932329297065735,0.4370553785628869,0.4948760867118835,0.2973911970712089,0.4542671767469562,0.6024327319746943
Q96FW1,Q9Y4K3,1,108.758819,26.9873,0.9885918498039246,0.9994402527809144,0.837591290473938,0.8238765891222458,0.5282611846923828,0.6815241689001539,0.5583189314321576,0.9853343829835741
Q5VV17,O15105,1,1.58,1.0,0.953960418701172,0.7717944383621216,0.814724326133728,0.5327390074444742,0.5271250605583191,0.4634904170245549,0.4018018123778026,0.9892444153965904
Q5VV17,P04637,1,3.8218,1.97,0.992566704750061,0.7422839403152466,0.8799357414245605,0.8048150480019584,0.5332346558570862,0.5366148672940005,0.5283462677077435,0.4705259433195793
Q9Y5K5,P25963,1,2.15,1.0,0.7151884436607361,0.9062849283218384,0.5731180310249329,0.4898434674551299,0.502543568611145,0.4919068599012403,0.3776611367922746,0.4888396844248629
Q9Y5K5,P35228,1,2.06,1.0,0.9113172888755798,0.3229683041572571,0.7601413726806641,0.5392861907836746,0.504950761795044,0.529098615502127,0.3775567597340311,0.6485431766942533
Q9Y5K5,P36897,1,5.55,1.0,0.9774138927459716,0.9951550960540771,0.6700092554092407,0.6263656549045172,0.5046147704124451,0.742949342042585,0.4735691803021419,0.7422427308820349
Q9Y5K5,Q01094,1,2.15,1.0,0.7979999780654907,0.5432361960411072,0.8547029495239258,0.5476740555644765,0.4998919069766998,0.5438810847583602,0.6208963633365967,0.7300642236096518
Q70EL2,P07992,1,5.4,1.5,0.0215401723980903,0.0007548903813585,0.2584449350833893,0.3737760444838345,0.4920297861099243,0.4134255433932962,0.538792181611781,6.041194232450373e-05
P54578,O14641,1,6.0452,2.38,0.9571216106414796,0.999496579170227,0.5888371467590332,0.5619641387330753,0.5090978145599365,0.7338960379600921,0.7782210377703179,0.6531475833141179
P54578,O14920,1,3.315,1.5,0.9645636081695556,0.973404824733734,0.5925620794296265,0.5758066434259209,0.5269215703010559,0.587636039269041,0.685116082474789,0.7895627208912661
P54578,P10275,1,37.689636,15.9028,0.9225451350212096,0.986660361289978,0.634062647819519,0.6025529200715846,0.5149183869361877,0.7304094874952844,0.5210805319179265,0.44386088947440755
P54578,P35222,1,161.80362,35.1747,0.9031557440757751,0.9509947896003724,0.736461341381073,0.5181375113086625,0.5231723189353943,0.451689419656929,0.5975939957470436,0.6175216810494676
P54578,P61073,1,27.018474,11.4002,0.4572027027606964,0.0626109391450882,0.6615974307060242,0.5554764683668261,0.4980789721012115,0.3126445861879849,0.518503974287611,0.09753215926540111
P54578,Q14457,1,2.7963,1.17,0.9899899959564208,0.8938231468200684,0.7186919450759888,0.5994934451422701,0.5358979105949402,0.5213583009560605,0.4412022962929457,0.5021537920343858
P54578,Q86WI3,1,27.431668,13.1252,0.4889266788959503,0.9994612336158752,0.457501083612442,0.4737544919309467,0.491557240486145,0.7257636946212339,0.6257272583860031,0.9953148659804073
P54578,Q96GD4,1,2.457,1.17,0.8949386477470398,0.9768706560134888,0.616182804107666,0.5938863738217619,0.5060477256774902,0.5541367973505837,0.409390913849977,0.9452638653697784
P54578,Q9NYJ8,1,5.292,2.52,0.2497975081205368,0.9758821725845336,0.7397855520248413,0.6010316786917529,0.4937537610530853,0.5878010544738916,0.469171971022122,0.2618025570526092
P54578,Q9UBS5,1,29.039976,7.912800000000001,0.9557251334190368,0.986989200115204,0.6954663991928101,0.5025778538004445,0.4672972559928894,0.6863226927465546,0.7025457438270325,0.9823873252966709
O75604,O15151,1,143.753658,6.8162,0.9958832263946532,0.1919053494930267,0.8737527132034302,0.5090496318824678,0.5004358291625977,0.4665887555756019,0.6217649232561034,0.8526131224833627
O75604,O15534,1,5.6406,2.38,0.7600566148757935,0.8346328139305115,0.6376112103462219,0.5216973226150675,0.5183390974998474,0.4092520108960512,0.5264065366304232,0.9995531959057521
O75604,P08253,1,16.537752,7.912800000000001,0.9561824798583984,0.993714153766632,0.7234196662902832,0.5051384722526305,0.5021217465400696,0.6741823375088937,0.6027966467079391,0.9888930667614044
O75604,P24385,1,18.522,2.52,0.9157648086547852,0.094154767692089,0.52733314037323,0.4465369865480651,0.5021735429763794,0.4477793567602285,0.5215143156674457,0.11642345724458217
O75604,P25445,1,9.0228,4.38,0.0390997044742107,0.0260047800838947,0.6028521656990051,0.4544058628042721,0.4994068145751953,0.449193855544172,0.4605938611057903,0.021256537278254335
O75604,P37088,1,5.4963,1.97,0.84014892578125,0.2626995742321014,0.7059831619262695,0.6176589500253731,0.5218687653541565,0.4063494468322784,0.5351261344452387,0.5944988942837642
O75604,Q00987,1,61.54496712,7.912800000000001,0.9959449172019958,0.9963064193725586,0.9490527510643004,0.5941210344047545,0.5278568863868713,0.667673540020435,0.6213360293430481,0.9823037882068211
O75604,Q03431,1,3.315,1.5,0.8927355408668518,0.9770807027816772,0.5992773771286011,0.4278657419933669,0.5048433542251587,0.5,0.6922954375560822,0.5804110997053098
O75604,Q96EB6,1,239.0176404,17.8959,0.9297066926956176,0.8130747675895691,0.4755512475967407,0.5137103122615776,0.4847669005393982,0.5155405264850992,0.4683548770380563,0.8055612414226945
P12956,Q07820,1,8.388,1.0,0.6165157556533813,0.2258681058883667,0.7024796009063721,0.3910414675497145,0.5152633786201477,0.3115460167176583,0.3042214484054379,0.39599280291838007
Q9H9J4,P04637,1,82.566172,33.4276,0.9517967104911804,0.9883389472961426,0.9346141815185548,0.7988983044968068,0.5254805684089661,0.611746933382641,0.4815078640767294,0.39533208475470893
Q9H9J4,P14780,1,29.349276,17.8959,0.8841319680213928,0.9606534242630004,0.7572749257087708,0.5509352304180145,0.5090978145599365,0.3877950906056312,0.4428965246877508,0.6122265120491553
Q9H9J4,P62807,1,71.833752,45.464400000000005,0.9907212257385254,0.8565815687179565,0.9079294204711914,0.6703619541758734,0.5303090214729309,0.5154828097091987,0.2011071634687898,0.15775025343121338
Q53GS9,Q96GD4,1,6.489,3.15,0.9294946193695068,0.9962183833122252,0.7205127477645874,0.6066159096337834,0.5282782316207886,0.6677293860276299,0.4669199275962601,0.9198721542374224
Q8TEY7,O43303,1,3.5938,2.38,0.0070407553575932,0.0506331622600555,0.6864957213401794,0.5318267070806639,0.4991973340511322,0.332249953386007,0.614661533426697,0.6519355784756622
Q8TEY7,P07550,1,81.0744,16.28,0.9931321740150452,0.6231682896614075,0.7512452006340027,0.5519566051408245,0.519813060760498,0.5545023786832847,0.5790694873240437,0.07304490886166724
Q8TEY7,P11234,1,2.55,1.0,0.0362252332270145,0.972109854221344,0.5920681357383728,0.3658842882750422,0.499773234128952,0.6686231056842298,0.5543388804867022,0.858773432174636
Q8TEY7,P49407,1,8.115,1.5,0.9495033621788024,0.1632899492979049,0.4610247910022735,0.3978394810198151,0.5172133445739746,0.4890450511149481,0.4378954663186236,0.2223085515003198
Q8TEY7,Q92813,1,18.522,1.5,0.9415748715400696,0.9324577450752258,0.5778626799583435,0.5414401698332615,0.4947627782821655,0.631177097562654,0.479588491792511,0.669256184776151
Q504Q3,Q9Y294,1,1.85,1.85,0.0400119647383689,0.0452181547880172,0.1202500388026237,0.3995741573689177,0.5019222497940063,0.5175458074806428,0.3537593347189318,0.006022363396554101
O00487,O95863,1,3.9597,1.97,0.8602637052536011,0.8624826669692993,0.7647609114646912,0.6022294746146323,0.5288033485412598,0.7783299320615441,0.5739308952836936,0.42950048636048566
O00487,P04626,1,10.9335,1.97,0.9310535192489624,0.9956966638565063,0.7415828704833984,0.5970638945193075,0.5096638798713684,0.544970381024705,0.5982146896069253,0.8178482085764543
O00487,Q01860,1,6.489,3.15,0.7123159170150757,0.3881476521492004,0.6608924865722656,0.4330119058544646,0.4741187691688537,0.4141464237604873,0.619362505167268,0.8552770003791595
Q6GQQ9,P00533,1,102.19794552,11.8792,0.3897823393344879,0.0665227249264717,0.5720559358596802,0.5031834091139844,0.5111994743347168,0.4297216213970404,0.5206371916298669,0.3107408797045023
Q6GQQ9,P43403,1,136.81337868,15.9028,0.6935657262802124,0.0269165374338626,0.5465283393859863,0.4745668855350844,0.5082971453666687,0.4634341141090891,0.3590468510948528,0.523755939447116
Q6GQQ9,Q13114,1,832.0761612,59.72409999999999,0.8603975772857666,0.7731631994247437,0.7056277990341187,0.6386286929436352,0.5275883078575134,0.5,0.3736674710564367,0.6357104572278682
Q6GQQ9,Q13546,1,217.55978244,14.2857,0.3876530826091766,0.4520588219165802,0.4780987501144409,0.5382736343606954,0.502713143825531,0.4823809427981949,0.3264183629993821,0.417783208085029
Q6GQQ9,Q9Y4K3,1,218.9215791,18.0049,0.9819639921188354,0.9864089488983154,0.8544926047325134,0.8052958960178306,0.5282611846923828,0.649295618951327,0.8230967868672651,0.9594187841501193
Q14694,P04637,1,142.826838,38.4978,0.96598881483078,0.9992110729217528,0.924074411392212,0.8694241638609256,0.534648597240448,0.735975909991642,0.6111326915217572,0.9551610645815543
Q14694,P0C0S5,1,18.40374,6.8162,0.8528174757957458,0.4452333152294159,0.7586085200309753,0.4507802306920102,0.4575084149837494,0.5431859585848335,0.6582483062329639,0.23407209689760805
Q14694,P13569,1,4.2365,1.85,0.9961543679237366,0.895932137966156,0.5548396110534668,0.4938963210130989,0.4887721538543701,0.2704736435810485,0.4539875144163108,0.12041428822190052
Q14694,P43246,1,15.876,2.52,0.5718327164649963,0.92184716463089,0.6698175668716431,0.4561616548787101,0.5079216957092285,0.4790296344591226,0.5275456765787457,0.8440904758101875
Q14694,P54646,1,9.198,2.52,0.7829934358596802,0.9045379161834716,0.6453274488449097,0.5144024220789984,0.502589225769043,0.5932831423677555,0.5692723211604773,0.7674188354896582
Q14694,P60484,1,9.198,2.52,0.8948253393173218,0.9095242619514464,0.7693330645561218,0.6329979719536744,0.5092756152153015,0.694559088769211,0.6934590788929615,0.828006434048774
Q14694,P62807,1,12.897864,7.912800000000001,0.9896947145462036,0.995741844177246,0.8630707263946533,0.741553693417012,0.5362167954444885,0.6648738096298569,0.5533235228202101,0.9018005638013824
Q14694,Q03518,1,3.1126,1.97,0.9883689880371094,0.953319787979126,0.3825139105319977,0.5133065909848343,0.4884787201881408,0.4898438981615893,0.4604257738152941,0.7986123573647841
Q14694,Q14457,1,70.33404,12.6728,0.9903296232223512,0.9077509045600892,0.7153845429420471,0.6360327189376738,0.5358979105949402,0.5729438957586287,0.5501699170159482,0.6844723405839375
Q14694,Q8N6T7,1,13.223428,6.8162,0.4177656173706054,0.0094383666291832,0.3805696368217468,0.3970483841715259,0.4972177743911743,0.3943226790848676,0.5467386383833216,0.08855424001743177
Q14694,Q9UL17,1,2.565,1.5,0.4149988889694214,0.0270697306841611,0.6783912777900696,0.4108891491244704,0.4772157967090606,0.3522291179991275,0.6078496026752722,0.023676897516721213
Q14694,Q9Y4K3,1,108.869768,22.8718,0.8979384899139404,0.5559264421463013,0.7758052945137024,0.7365058448238687,0.5119129419326782,0.5413425199379586,0.6877378742719062,0.8703890841634168
Q14694,Q9Y6K9,1,24.181905,10.3785,0.9554422497749328,0.9918649792671204,0.8649873733520508,0.5990720045429285,0.5201796889305115,0.6828116263482725,0.619150867750721,0.8630318086873657
Q93008,A5PKW4,1,25.5936,2.48,0.2441453039646148,0.5951239466667175,0.6490536332130432,0.5179714472759717,0.5093210339546204,0.5252580408484896,0.5435916461695185,0.2664669618853891
Q93008,O00327,1,14.805414,3.6738,0.760637640953064,0.6889498233795166,0.5580599904060364,0.506483125462704,0.5143163204193115,0.5357929148479598,0.4624287488954037,0.3749655001680712
Q93008,O60285,1,6.94,1.0,0.7853720784187317,0.7536572813987732,0.615696370601654,0.5361661282711797,0.505759060382843,0.670317007053227,0.6922895814610414,0.36295858805162806
Q93008,P04637,1,1160.22310524,123.6938,0.9652719497680664,0.9873929619789124,0.9388428926467896,0.7599837313104584,0.5338037610054016,0.5727423341895903,0.2379295903169456,0.9250211032140114
Q93008,P12830,1,8.6025,1.85,0.9687111973762512,0.6680125594139099,0.7957531213760376,0.5888248644140015,0.5078402757644653,0.6504403161746377,0.6075688227653452,0.13888672882598163
Q93008,P23588,1,3.4272,2.52,0.0219176448881626,0.157298743724823,0.4700809121131897,0.4319422764408521,0.4652636051177978,0.423580938931874,0.3774350802049583,0.052794247529271976
Q93008,P33981,1,13.986,3.15,0.2642667591571808,0.0953124612569809,0.6286317110061646,0.5268788109015393,0.5234419107437134,0.3918898561068774,0.5412077500801763,0.0005124582895322839
Q93008,P35222,1,163.82888928,19.3158,0.9896513223648072,0.9596851468086244,0.7825354337692261,0.5920241878562522,0.5323957800865173,0.4637688845132346,0.4676333693682829,0.8346401398065546
Q93008,P37840,1,4.6,1.0,0.4630503058433532,0.9063639044761658,0.538790225982666,0.3305925022400566,0.5212312936782837,0.4848020431158826,0.2297551247500321,0.5119325873284657
Q93008,P42345,1,16.6374,1.17,0.0883873030543327,0.0099043138325214,0.6255187392234802,0.3893404972483536,0.4865768849849701,0.3748302490919656,0.4490190427480091,5.926464197558489e-06
Q93008,P42566,1,22.53286,1.97,0.6098564863204956,0.9847201108932496,0.6190161108970642,0.5623596532833226,0.51228928565979,0.6448375408527925,0.4645121395984634,0.7679310160860386
Q93008,P46937,1,28.88172,7.912800000000001,0.8562082648277283,0.9415791630744934,0.5056663155555725,0.6211085785636175,0.5194706320762634,0.7197464392749549,0.6922618636855059,0.9675527983268641
Q93008,P48431,1,16.077,6.9,0.7448578476905823,0.9854773879051208,0.6674707531929016,0.5120017598900312,0.4979332685470581,0.6357333507181623,0.3019833337530544,0.9671323295747212
Q93008,P50542,1,30.409005,10.3785,0.3458383977413177,0.1791299432516098,0.6574974060058594,0.4640625152365554,0.4971042275428772,0.3698352243915969,0.3877121194455296,0.028291081870062934
Q93008,Q07820,1,11.3841,1.17,0.994042694568634,0.9588873982429504,0.8435112237930298,0.4336530140518229,0.5128802061080933,0.4361516311456448,0.1529296780169332,0.8935683222523083
Q93008,Q12809,1,4.2365,1.85,0.8692827224731445,0.1951165795326233,0.6196851134300232,0.4884169011104476,0.5053099989891052,0.4074432305114553,0.4707596082610457,0.012147045039872496
Q93008,Q13485,1,11.480175,1.97,0.9202067852020264,0.9959589838981628,0.8087531924247742,0.6188572095692012,0.5132145285606384,0.623897163310813,0.6141636420629133,0.7005170697643742
Q93008,Q15051,1,8.778,4.18,0.0011524216970428,0.0076895565725862,0.9469382762908936,0.4687275544632778,0.5070741772651672,0.5,0.6078539596562786,0.0005420736054524213
Q93008,Q15154,1,9.198,2.52,0.9978182315826416,0.8692730069160461,0.8882256150245667,0.5386193844997456,0.4922949075698852,0.3062459898357901,0.4564546782589544,0.9719685290686529
Q93008,Q15797,1,11.245338,1.17,0.5287173390388489,0.152342215180397,0.8327682018280029,0.5878135955137929,0.5276306867599487,0.4326431507508994,0.4476930303216013,0.6007528024959929
Q93008,Q53EZ4,1,2.7963,1.17,0.2313814312219619,0.6661991477012634,0.7311791181564331,0.4146315227231094,0.4600211977958679,0.5,0.30811510356129,0.1734764306729624
Q93008,Q86YR5,1,5.292,2.52,0.7180951237678528,0.968866527080536,0.5882723331451416,0.4549188893412376,0.5120797157287598,0.5105520660867676,0.4602693192879062,0.9729973962152335
Q93008,Q86YT6,1,5.319,1.97,0.4862012863159179,0.3301545679569244,0.5944057703018188,0.472861882940319,0.4967280328273773,0.5084850554618648,0.5460146651157858,0.5277189259190114
Q93008,Q96J02,1,23.8567,6.8162,0.711307168006897,0.9218788743019104,0.6694793701171875,0.5860116816322501,0.5066866278648376,0.5653547008324593,0.6142513400355509,0.5456635515035609
Q93008,Q96L34,1,2.457,1.17,0.5889657139778137,0.99006325006485,0.5087510347366333,0.5003391042095349,0.4748919904232025,0.5408004304578093,0.471220652807663,0.9850860232655531
Q93008,Q96RU7,1,2.457,1.17,0.738466203212738,0.3394114673137665,0.6881096959114075,0.4041801525524938,0.4669273793697357,0.4076195358401898,0.3121238165032491,0.681710835317271
Q93008,Q99683,1,31.74,6.9,0.8771859407424927,0.9971593618392944,0.7453759908676147,0.4839074787968093,0.4981394112110138,0.5878896229068571,0.3911073163029253,0.9999139837114832
Q93008,Q9H992,1,37.82991,6.8162,0.6037072539329529,0.9459747672080994,0.7053071856498718,0.6162126998415579,0.5250337719917297,0.6139330324357237,0.6961858698043039,0.7268303670073372
Q93008,Q9HCE7,1,114.379524,7.912800000000001,0.75412517786026,0.5660942196846008,0.5996503233909607,0.4874809195360642,0.502589225769043,0.5455662122788344,0.6227247005064835,0.012848552892045034
Q93008,Q9NRM7,1,5.6736,1.97,0.7679150700569153,0.0456451512873172,0.6622836589813232,0.5120574450451546,0.4865768849849701,0.3650644483203815,0.2298554523465314,0.007468893881257084
Q9H0E7,P0C0S8,1,76.773,47.1,0.9454220533370972,0.9997227787971495,0.8804508447647095,0.8258772028817417,0.5423065423965454,0.8194949792064224,0.8686108492573359,0.9846435985304556
Q9H0E7,Q01860,1,10.4155,10.4155,0.9832910299301147,0.9888375997543336,0.8020258545875549,0.4715518854620959,0.5231723189353943,0.6421152049233317,0.6114322725367008,0.9675342338912243
Q9H0E7,Q12834,1,23.484412,11.4002,0.1747312992811203,0.036641638725996,0.6280325651168823,0.3855448260191611,0.4892626702785492,0.4169786922081551,0.6048952873031509,0.026491894503550682
Q9H0E7,Q13257,1,2.06,1.0,0.0726942494511604,0.8267075419425964,0.2615269720554352,0.3925469416005496,0.4709493517875671,0.449046066212841,0.5863020676542895,0.49213691068091375
Q96BN8,Q9Y6K9,1,11.454,3.32,0.9659394025802612,0.9959372282028198,0.8532034754753113,0.5690515199599873,0.5201796889305115,0.7161550179153073,0.5442760585204333,0.8133392578836484
Q9Y5E6,P19838,1,1.58,1.0,0.9057759046554564,0.9455052614212036,0.6108494997024536,0.5264686332772236,0.5314507484436035,0.5146335387909631,0.6200155214920575,0.02869373377016972
Q9UMW8,P49116,1,6.6576,4.38,0.9502261877059937,0.9891859889030457,0.6200457811355591,0.6701355029263314,0.5063520669937134,0.5051087562872849,0.770268717173397,0.8084098190789728
Q9UMW8,P60484,1,18.40374,6.8162,0.9524515271186828,0.992924690246582,0.8112030029296875,0.6909839934648262,0.517910361289978,0.648153674203807,0.4798625534431622,0.9257547689395447
Q9UMW8,Q9Y6K9,1,260.813792,96.9568,0.967934250831604,0.994506299495697,0.8918501734733582,0.6156651088304588,0.5361216068267822,0.6398687608906065,0.4118561191770165,0.7748886022323246
Q70EK9,P37275,1,3.7604,2.38,0.844791829586029,0.7212740778923035,0.6670278906822205,0.4698582295408189,0.4793745577335357,0.4600124546021597,0.3038780175024406,0.414345494175712
Q70EK9,P62807,1,16.61688,7.912800000000001,0.986458957195282,0.3267401158809662,0.9090828895568848,0.7587476211592467,0.5303090214729309,0.6346805568347633,0.6106546313282256,0.5446150763805059
Q9HBJ7,P04637,1,676.9728,193.4208,0.9745980501174928,0.9969626069068908,0.9347522854804992,0.8439425773930459,0.5254805684089661,0.5873739490597158,0.6716976326807845,0.856770903692915
Q9HBJ7,Q9HAW4,1,10.0408,6.16,0.999952793121338,0.9551556706428528,0.8736734390258789,0.5164738248745764,0.5098354816436768,0.4013873999911019,0.5281786633865004,0.36419938392645723
Q92560,O15294,1,4.08,4.08,0.0288461782038211,0.510955810546875,0.5948526859283447,0.5329370545752914,0.5021231770515442,0.4932175288703267,0.3887570234650146,0.584617496119675
Q92560,P0C0S8,1,1.52,1.0,0.9615880846977234,0.9511191248893738,0.7486862540245056,0.7746881725422397,0.5292402505874634,0.6291895495445816,0.7418416327631316,0.661805349105107
Q92560,P16104,1,7.74,1.0,0.9772998094558716,0.979040503501892,0.8003473877906799,0.7413641696466768,0.5423065423965454,0.6755178998257171,0.68438323743554,0.8427111716340674
Q92560,P25490,1,7.315,1.0,0.9808443784713744,0.9978048205375672,0.6102291941642761,0.4411816125018071,0.4971560835838318,0.6260065159584108,0.5242792493678988,0.9939644107827732
Q92560,P38398,1,18.5518,1.85,0.9918708801269532,0.8485836386680603,0.5119791030883789,0.5063191256394132,0.4881735444068908,0.544460227218732,0.4670823231197858,0.7391669519776151
Q92560,P51610,1,2.4453,1.17,0.5590834021568298,0.9265098571777344,0.595363438129425,0.5173852078940748,0.4883231222629547,0.4157824357760479,0.7627423162140725,0.9999461069359122
Q92560,Q13887,1,8.3349,2.43,0.916836440563202,0.9985507130622864,0.7525901198387146,0.6157693608951591,0.5222078561782837,0.7845756973836824,0.5293679552247744,0.9931252066397592
Q92560,Q96CW5,1,1.0,1.0,0.5443276166915894,0.0021731692831963,0.3688845038414001,0.4311641816576982,0.4696073830127716,0.2567390175808085,0.3064776512650825,0.00019127666781058907
Q86T82,P01106,1,57.882132,7.912800000000001,0.8508327603340149,0.9954046010971068,0.6383895874023438,0.6156015030718449,0.5329203605651855,0.6921315287587929,0.487873626680343,0.9893780678302841
Q86T82,P0C0S8,1,22.304544,14.1168,0.9658123850822448,0.999332845211029,0.7758749723434448,0.7563269122615733,0.525831937789917,0.6435521059180551,0.4091986718961974,0.9791611575014402
Q86T82,P20248,1,6.489,3.15,0.8999040722846985,0.5150811076164246,0.5700491070747375,0.4269406063294092,0.4577058851718902,0.54803379419326,0.49205290548735,0.3611267002651534
Q86T82,P46527,1,3.034,1.85,0.9962928891181946,0.0530605055391788,0.706777036190033,0.3858320281364739,0.5,0.3830318473740015,0.5216333120823169,0.014134297250166867
Q9Y2K6,O75943,1,2.28,1.5,0.0208189096301794,0.1692248433828354,0.7537443041801453,0.520965596842795,0.5139432549476624,0.3628114340785041,0.476088484487652,0.014403277614431048
Q9Y2K6,P07550,1,48.432075,10.4155,0.9402220845222472,0.3510616421699524,0.579147219657898,0.5517032908762909,0.5286665558815002,0.4780245292835531,0.5369313596335762,0.06799508353323316
Q9Y2K6,Q16665,1,8.4735,3.15,0.8600678443908691,0.9993459582328796,0.6391599178314209,0.6655758838122091,0.5254642367362976,0.8254803597838657,0.5623175479009989,0.9785474065872622
Q9Y2K6,Q86WV6,1,23.234374,14.7053,0.9987784028053284,0.9987152814865112,0.9224799871444702,0.6901341529913801,0.519661545753479,0.7467756328023246,0.5808335037492115,0.9207674013052002
Q9Y2K6,Q92813,1,18.522,1.5,0.9389480352401732,0.6697995066642761,0.7347018122673035,0.455633870492266,0.5116440057754517,0.573770908736926,0.45861745321882,0.7214718765909095
Q9Y2K6,Q9HAW4,1,6.3242,3.07,0.999868392944336,0.9930230379104614,0.838930606842041,0.506393424360304,0.4939311146736145,0.5790158740599081,0.6723060634852697,0.933975024820495
Q9Y2K6,Q9Y4K3,1,81.12636,6.57,0.9807206988334656,0.9749948382377625,0.8375942707061768,0.7398107556965061,0.5327417254447937,0.6948718756465212,0.585738231304479,0.9784367252089936
Q70CQ3,O94826,1,7.686,3.15,0.1620052456855774,0.6188404560089111,0.7541305422782898,0.4614353253857544,0.5050700902938843,0.5532009633806817,0.4579195107419306,0.1751907179834508
Q70CQ3,O95140,1,23.265,1.5,0.9960917830467224,0.5278241634368896,0.7223517894744873,0.4909587333796544,0.4961686432361603,0.4381377261558039,0.7137788100431834,0.7151594384640892
Q70CQ3,P21796,1,22.3693,4.79,0.9831742644309998,0.9923061728477478,0.7950006127357483,0.4809870738201497,0.5361251831054688,0.6071245857970422,0.4496476679880177,0.8896320615857778
Q70CQ3,Q15388,1,4.26,1.0,0.2002456486225128,0.0558275766670703,0.7736982107162476,0.4308483888287802,0.5225397348403931,0.3331127051532914,0.4757455424082198,0.10870287641802204
Q70CQ3,Q8IWA4,1,8.51,1.85,0.9967987537384032,0.9506295323371888,0.5904221534729004,0.4688701275871177,0.4793071746826172,0.59801001902868,0.6353858441747102,0.8357219741139733
P46736,O95271,1,4.5507,1.97,0.604056715965271,0.9483389258384703,0.4240355491638183,0.5051824166495371,0.4925233721733093,0.5226053009878644,0.4631132069652686,0.9608812616487269
P46736,P0C0S8,1,13.482846,3.6738,0.9504482746124268,0.9987493753433228,0.8535053133964539,0.8387622052866311,0.5331436395645142,0.6913940468759517,0.759530265045143,0.8349472364476686
P46736,P16104,1,194.8224222,23.2785,0.9279535412788392,0.9792090654373168,0.7973566055297852,0.7829873434672989,0.5423065423965454,0.6656498438627406,0.735828207833718,0.530759396334001
P46736,Q14980,1,2.457,1.17,0.012487000785768,0.1099133640527725,0.455770194530487,0.297691488885282,0.4790809750556946,0.2049473643814903,0.2218466462464794,6.792084634676377e-09
Q70EL3,P30291,1,4.284,3.15,0.6257514953613281,0.0294816736131906,0.6307652592658997,0.4889209121388434,0.5105400085449219,0.3820964600833501,0.4641519911064697,0.004660373421688656
Q70EL3,Q9ULZ3,1,2.93,1.0,0.4557986259460449,0.0952409356832504,0.3091343343257904,0.388818492691845,0.4558785259723663,0.3629048640713933,0.464291961794826,0.19278587509761203
Q96RU2,O60341,1,7.1424,2.48,0.7285439372062683,0.8488034009933472,0.6692568063735962,0.5295870145230529,0.5061653852462769,0.5385072129129167,0.5326058753007942,0.8763428558838623
Q96RU2,O96017,1,18.522,1.5,0.7990479469299316,0.018484529107809,0.6726163029670715,0.4950059335246237,0.517833411693573,0.3145164431149715,0.5458811040339703,0.20494748123352513
Q96RU2,P01106,1,101.08602,7.912800000000001,0.7363294363021851,0.981333076953888,0.7636668086051941,0.6327657378562247,0.5423065423965454,0.6397487291636474,0.494241370670247,0.9371185405257775
Q96RU2,P05412,1,24.5196,2.52,0.4096834063529968,0.0679089352488517,0.723625123500824,0.5519056151738293,0.5111037492752075,0.4235628692977459,0.4597694632787815,0.2911567770216299
Q96RU2,P24864,1,2.79,1.0,0.8139825463294983,0.6543142795562744,0.6658546924591064,0.4407855561720153,0.518831729888916,0.4166104751547435,0.4063752754364511,0.9067304110208476
Q96RU2,Q12888,1,77.956992,13.14,0.9995682835578918,0.980017066001892,0.8181621432304382,0.542125288804912,0.5308771729469299,0.5855866521856804,0.7859211633207325,0.8849058863756353
Q96RU2,Q16665,1,98.07706062,11.4002,0.6866479516029358,0.9787880182266236,0.6739201545715332,0.5819210170498975,0.5271160006523132,0.6107461081244095,0.4633614213225444,0.5954996126890567
Q96RU2,Q969H0,1,38.476185,17.8959,0.8073275685310364,0.9246699810028076,0.6539852023124695,0.5253457137067017,0.536965548992157,0.5968309784225613,0.488913834619015,0.7837258459111189
Q96RU2,Q9HAW4,1,18.94224,2.48,0.9982168078422546,0.9792212843894958,0.8831689357757568,0.5357080572961095,0.5135012865066528,0.6430360848705543,0.5208817931163972,0.30876530150106574
Q96DC9,Q13114,1,148.5792,42.4512,0.7392076849937439,0.7352557182312012,0.6892117857933044,0.6108403733579819,0.5025428533554077,0.4521837705445498,0.633489232663324,0.6667381487012086
Q96DC9,Q9Y4K3,1,237.659136,43.9296,0.9448675513267516,0.7431134581565857,0.7243544459342957,0.715417416902602,0.5119129419326782,0.480210528033918,0.6333944971381243,0.5001726280543705
Q93009,O14773,1,8.4735,3.15,0.7808057069778442,0.6206375360488892,0.5824617147445679,0.5915745897622674,0.5264170169830322,0.5327131114708648,0.4613929518616581,0.27841539437252794
Q93009,O14965,1,51.818949,3.6738,0.8109889626502991,0.271599680185318,0.763154923915863,0.4608978999544382,0.5086943507194519,0.4716560426496471,0.5247958591626183,0.8968533817984763
Q93009,O15151,1,23.3376,4.29,0.9927000403404236,0.0141736390069127,0.8651840090751648,0.4911840759057185,0.5048601627349854,0.2653935660698643,0.3870384499964801,0.7134537281326928
Q93009,O43524,1,185.899021,18.7682,0.805030345916748,0.9926496148109436,0.5871468186378479,0.5363647874367667,0.5256469249725342,0.6896625305306521,0.6214981455820405,0.664488509961512
Q93009,O43663,1,21.68964,3.15,0.9980515241622924,0.9943897128105164,0.6511722207069397,0.5908968167884902,0.5234726667404175,0.6537165436288562,0.3873864358381753,0.9929253572449467
Q93009,O43684,1,19.09644,10.3785,0.2964276373386383,0.94099622964859,0.5924574732780457,0.4915306487139733,0.4991410970687866,0.5297961969955409,0.5392776940336753,0.8862264396502643
Q93009,O60341,1,103.35654,23.2785,0.7027527689933777,0.9245274066925048,0.6390236616134644,0.5464342217075795,0.5091325044631958,0.4201969223692584,0.4579663160982529,0.8585067120168349
Q93009,P04198,1,178.0614,38.709,0.5068013668060303,0.8271219730377197,0.6008702516555786,0.4486927885210959,0.5274980664253235,0.4878670305819783,0.3115143544796299,0.9718754777763048
Q93009,P04637,1,950.4698112,193.4208,0.9638654589653016,0.9977927207946776,0.9286820888519288,0.7729444151543872,0.5254805684089661,0.6473221074633277,0.4634514056415861,0.9085680536626269
Q93009,P06400,1,179.4600852,17.8959,0.993698239326477,0.99921977519989,0.836644172668457,0.6278200326917844,0.5008044242858887,0.5977957900147842,0.762684172886703,0.9969558580413167
Q93009,P08151,1,21.8688,4.08,0.9816324710845948,0.9990060925483704,0.7017267942428589,0.6450811978743848,0.5183063745498657,0.6688176459404108,0.5443785983677442,0.9881436712391753
Q93009,P12004,1,18.522,1.5,0.9941283464431764,0.1428634226322174,0.5305811166763306,0.3675757846626764,0.510589599609375,0.485252072296084,0.5434352873872845,0.5930182923466395
Q93009,P14373,1,269.656569,19.1178,0.3920726776123047,0.9981094598770142,0.5434746146202087,0.5267726840219022,0.509265661239624,0.618087159937406,0.5411344039636198,0.9975189945170826
Q93009,P19838,1,68.056002,6.57,0.9001650214195251,0.9966170191764832,0.6232181787490845,0.5696449058817754,0.5251235365867615,0.5957820340134541,0.6904095025031733,0.7241267202753092
Q93009,P26358,1,58.2528,13.12,0.7822463512420654,0.126399278640747,0.5807915925979614,0.4941782256759094,0.5007410049438477,0.5822623398024217,0.6113882870858073,0.003514793024396113
Q93009,P29590,1,133.7506212,18.3736,0.9583727717399596,0.9877095222473145,0.6503304839134216,0.589067126324321,0.5243853330612183,0.5504350923993795,0.5273835890424652,0.9049275846461607
Q93009,P35222,1,360.5451528,35.898,0.8971188068389893,0.6544290781021118,0.6514466404914856,0.6237776374319893,0.5226839780807495,0.4713600220932124,0.4627240219912922,0.800004487665498
Q93009,P35226,1,80.38548,6.51,0.87037193775177,0.9394546151161194,0.7347176671028137,0.5392307035576135,0.5115026831626892,0.6060397842309764,0.4636039109492176,0.4358622983600582
Q93009,P35568,1,4.9848,2.48,0.9917100071907043,0.3155571222305298,0.6785584688186646,0.544703379112271,0.5028290748596191,0.4806860109922107,0.548893737979154,0.004513629832235085
Q93009,P37231,1,60.4808,3.46,0.4336626827716827,0.0423748232424259,0.6087812185287476,0.4759525151665043,0.5229695439338684,0.3948734506739688,0.3886711949822142,0.46102183282403825
Q93009,P51965,1,7.38,1.0,0.4404348731040954,0.96176016330719,0.6131995916366577,0.4484075306723223,0.4752398133277893,0.555097844425835,0.6187833333542123,0.960644488034759
Q93009,P60484,1,9.198,2.52,0.8984805345535278,0.9960148334503174,0.6838434934616089,0.6371193421640472,0.5282796025276184,0.7335190707588326,0.4651444182670846,0.6060925996897105
Q93009,P62807,1,527.444992,96.9568,0.9944964051246644,0.958134114742279,0.8690970540046692,0.72524129447344,0.5292402505874634,0.6173134052375127,0.5357356155790849,0.7871895549744407
Q93009,P98177,1,226.4860899,13.671,0.8127026557922363,0.910987913608551,0.6094726324081421,0.4845155183275091,0.4734724462032318,0.5848455933652521,0.540202619539063,0.3751439334385093
Q93009,Q00987,1,67.98232,18.3736,0.9927000403404236,0.9974752068519592,0.8651840090751648,0.6136520151257288,0.5240057706832886,0.6936165937878964,0.5481231552221304,0.9852386136146182
Q93009,Q01831,1,10.0566,3.33,0.9972565770149232,0.996306538581848,0.809475839138031,0.4533758034509705,0.4990091323852539,0.5488001190375976,0.3801352419916576,0.8536764395302966
Q93009,Q01860,1,80.32959,10.3785,0.6408761739730835,0.1766716241836547,0.6311758756637573,0.3820423515006287,0.4741187691688537,0.4535998681024153,0.4690229296356905,0.5633728482941327
Q93009,Q03468,1,210.1172724,13.797,0.7168695330619812,0.966472029685974,0.6749539375305176,0.533582554884068,0.4663482010364532,0.6721069168937944,0.5434590470036595,0.006181040878064818
Q93009,Q04206,1,19.600308,2.52,0.7872424125671387,0.8499743938446045,0.5606580972671509,0.5333638020902226,0.5244019031524658,0.3372141959664573,0.3811257792162251,0.9346685164068815
Q93009,Q12778,1,308.808672,17.6664,0.7173904180526733,0.9790596961975098,0.5908330082893372,0.5894325813285044,0.4800974428653717,0.6391974748460383,0.4834018026570005,0.3149024700236038
Q93009,Q12888,1,41.123544,2.38,0.999969482421875,0.9955744743347168,0.6540898680686951,0.6339654816974961,0.5022069215774536,0.8103227870924807,0.7946569198713438,0.9618315428032234
Q93009,Q13127,1,11.8349,3.19,0.9721368551254272,0.9201345443725586,0.5032711029052734,0.4822817169178131,0.4914408922195434,0.3769428651111818,0.5398687572566254,0.34661160352360093
Q93009,Q13546,1,98.1042864,8.5808,0.8859133124351501,0.980647623538971,0.6056413650512695,0.6777914691561847,0.5194706320762634,0.5615737645695296,0.4516393920958139,0.8738377043452459
Q93009,Q14527,1,24.181905,10.3785,0.5743328332901001,0.1258543580770492,0.5359372496604919,0.4989589243075649,0.4739017188549042,0.2948474660096977,0.4570192168616914,0.38259759925545755
Q93009,Q14669,1,24.8248,6.16,0.8218738436698914,0.2551504075527191,0.6257274746894836,0.5231776166564928,0.5048664808273315,0.6616006772877855,0.7014953739668439,0.9963380268249613
Q93009,Q16526,1,23.50048,2.48,0.3003211319446563,0.4670631885528564,0.6652986407279968,0.5189416244129518,0.4982898533344269,0.4150409190423257,0.2397855992553887,0.8736744548811395
Q93009,Q49AN0,1,6.8635,1.85,0.3003211319446563,0.366189181804657,0.6652986407279968,0.4205145799070254,0.501273512840271,0.4365954453728846,0.3821578584112501,0.9395509630917254
Q93009,Q8IXJ9,1,23.184,6.9,0.8628028631210327,0.8642808794975281,0.8563100099563599,0.498041628782556,0.4908165335655212,0.6449883673778958,0.7626139556351577,0.7502542941439317
Q93009,Q8IYW5,1,41.5473,1.97,0.5470083951950073,0.7652970552444458,0.5673960447311401,0.5255332124392765,0.5214229226112366,0.4613145256691952,0.5417490653209486,0.9482113670134287
Q93009,Q92993,1,8.242065,1.17,0.9877870678901672,0.9733921885490416,0.3666568100452423,0.4686471709629579,0.5147846937179565,0.6143032393866217,0.4618474839384958,0.463257464847808
Q93009,Q96EP1,1,8.5995,1.17,0.6314029693603516,0.0448386296629905,0.6260148882865906,0.5311580919872008,0.5059815049171448,0.3039030334395645,0.3840674969691091,0.32516167226056336
Q93009,Q96T88,1,10.3994,3.19,0.5928999185562134,0.8243969082832336,0.534482479095459,0.4121362668836648,0.4907081723213196,0.5745201419569574,0.0765159694632467,0.8046071643316902
Q93009,Q99496,1,198.349056,11.3472,0.9411577582359314,0.9982757568359376,0.5769805312156677,0.4602738736770756,0.5054054260253906,0.7066135381484573,0.4664270233294734,0.9946013374599472
Q93009,Q9BZS1,1,9.39689,4.033,0.9134673476219176,0.8065183162689209,0.6485676765441895,0.5881493239340023,0.5128997564315796,0.5355041559099055,0.3791528727069397,0.5698010252326271
Q93009,Q9H992,1,5.8786,2.38,0.6399707794189453,0.99197655916214,0.7485645413398743,0.5886673605135306,0.5146105289459229,0.7338618173561811,0.7696471229751709,0.5924626860970955
Q93009,Q9HAW4,1,52.3032,2.48,0.9999674558639526,0.9978407621383668,0.8651498556137085,0.5522518269801084,0.5176105499267578,0.7331182818922729,0.6549916047333422,0.6302512559976918
Q93009,Q9NRC8,1,60.130224,17.8959,0.1732217371463775,0.0414678752422332,0.5422475934028625,0.3399925423036001,0.50583815574646,0.3751916545330973,0.4457209260514068,0.015150181908338004
Q93009,Q9UER7,1,5.884866,1.17,0.9282929301261902,0.7513353228569031,0.3831447660923004,0.4883082469265363,0.5090978145599365,0.5719487263236677,0.3139555879282256,0.44722703945104136
Q93009,Q9UPP1,1,12.5496,2.52,0.7555924654006958,0.3183202743530273,0.5962099432945251,0.4953659915813238,0.5078872442245483,0.4682812893668615,0.4619877692939477,0.9735983809089371
Q93009,Q9Y4H2,1,26.4114,13.14,0.997093677520752,0.0074036023579537,0.6022665500640869,0.5531293490228105,0.4847703576087951,0.5907789693455715,0.7088336386882607,0.003069892134895904
Q93009,Q9Y6K9,1,66.2916309,10.3785,0.9595955610275269,0.96778404712677,0.8594603538513184,0.5581116438634514,0.5045849084854126,0.432011652199151,0.3020721617416718,0.7634430556559297
O75317,O60346,1,3.15,3.15,0.9952179193496704,0.999242067337036,0.6653199195861816,0.5611483552053739,0.5118931531906128,0.7793611312034628,0.808007130661347,0.9325474034843667
O75317,P0C0S8,1,23.234374,14.7053,0.972488820552826,0.9639379382133484,0.7853648066520691,0.7496254399960365,0.5292402505874634,0.6474145822171172,0.5979006229894223,0.6108519178462145
O75317,P10275,1,203.561984,75.6736,0.7807788252830505,0.7520766854286194,0.5804267525672913,0.5767317800741882,0.5134807229042053,0.489309594100922,0.6446874439492825,0.6697073020367491
O75317,P62807,1,18.012316,11.4002,0.9960446357727052,0.9196872115135192,0.8754222989082336,0.7861991465630359,0.5292402505874634,0.6173896457943742,0.7397877870255553,0.5443089614338699
Q70CQ2,Q8IYW5,1,2.28,1.5,0.7406888008117676,0.6961301565170288,0.7420389652252197,0.50402317999261,0.5224508047103882,0.4406540476625677,0.3725015082922413,0.5756097528928794
O95630,P17302,1,8.6025,1.85,0.0595343224704265,0.0790696740150451,0.3811315596103668,0.5219864873182616,0.5037407875061035,0.4292900993282583,0.5338281010108915,0.08330289125675082
O95630,P55085,1,16.50285,1.17,0.9611733555793762,0.9836968779563904,0.5719239115715027,0.5986354667568139,0.5116137862205505,0.5739392642337624,0.4694037601537043,0.9492753625036106
Q5T2D3,P60484,1,1.84,1.0,0.9635294675827026,0.9939828515052797,0.7991691827774048,0.6204543585562532,0.5273017883300781,0.600989255584965,0.6973473882261844,0.9434782920889412
P62068,O60346,1,3.15,3.15,0.9987993240356444,0.9996964931488036,0.6398887038230896,0.5701043309313383,0.5166239738464355,0.7730057145452021,0.8540972040933793,0.9994024392936757
P62068,P42261,1,53.238934,11.4002,0.8799833059310913,0.0115572120994329,0.5684836506843567,0.5106613535810145,0.4999753832817077,0.1646589385595997,0.3137707967969964,0.16400125419227451
Q5VVJ2,P0C0S8,1,20.234067,10.0667,0.7529075145721436,0.0975010320544242,0.7818111181259155,0.7585309543445468,0.5292402505874634,0.4052877033969123,0.8900136852426526,0.01068029973814987
Q5D1E8,Q9Y297,0,2.37,1.0,0.4849441051483154,0.0004941209335811,0.5317870378494263,0.5588330570089378,0.5223473310470581,0.3444097934515237,0.4754728038750614,0.002582000057969304
Q9UPT9,O75478,0,6.696,2.48,0.0149279311299324,0.7737827897071838,0.1365924775600433,0.448626930322001,0.501765251159668,0.5538656103303216,0.4567710732285291,0.9332627149794173
Q9UPT9,P49848,0,5.6406,2.38,0.3953823745250702,0.0112724332138895,0.4669055938720703,0.545926475528749,0.5090978145599365,0.54255485930873,0.5434462532625391,0.06974874778629354
Q9UPT9,Q12962,0,5.319,1.97,0.1225725412368774,0.0397796221077442,0.6590933203697205,0.3572229399686463,0.4575084149837494,0.4817280304192875,0.6105547889383826,0.47506654888074856
Q9UPT9,Q96GX2,0,2.15,1.0,0.033816821873188,0.8591331839561462,0.5436645746231079,0.3508798247755305,0.4607197344303131,0.4380899085551001,0.6137646335337729,0.7207466936459815
Q92905,P47710,0,1.36,1.0,0.0033337718341499,0.9708117842674256,0.7227462530136108,0.4001808230335505,0.526509165763855,0.571387634896543,0.5577003232475325,0.8590751509093846
Q92905,Q16584,0,16.077,6.9,0.203393742442131,0.0011729777324944,0.6391204595565796,0.4585621609299363,0.5012086629867554,0.3355372118754862,0.5454308018680969,0.00494854919356708
Q92905,Q5VUJ6,0,1.17,1.17,0.2715564668178558,0.4351950883865356,0.7297172546386719,0.4998817318206788,0.523857593536377,0.5061641664164018,0.4607944805400943,0.8547675330842529
Q92905,P43354,0,6.489,3.15,0.969997227191925,0.9668014049530028,0.763939619064331,0.6434342360984392,0.5183438062667847,0.6373885269422764,0.9252530272530448,0.76724033259454
Q0WX57,P0C7H9,0,16.086675,10.3785,0.0034012980759143,0.9973695278167723,0.43522709608078,0.5470693914143291,0.4717051386833191,0.8502445730934,0.4690100785182015,0.9905388039660487
Q9Y5T5,P11182,0,4.9028,2.38,0.0312329437583684,0.2968933284282684,0.7354899048805237,0.5170969341702361,0.4654045104980469,0.4888581379348976,0.5934396629267605,0.2605694726463505
O94966,P19474,0,23.484412,11.4002,0.7646142244338989,0.9968337416648864,0.6527630090713501,0.5360659987604364,0.5158075094223022,0.5581227061495853,0.4684817120886641,0.7259541917662188
O94966,Q6ISU1,0,1.17,1.17,0.0251563321799039,0.0318805053830146,0.6278407573699951,0.5054348646168088,0.4941529333591461,0.4086385664049372,0.4304542187766555,0.38887141867547487
O94966,Q9H2V7,0,6.5395,3.19,0.9957499504089355,0.365023523569107,0.7045568823814392,0.5734350881987567,0.5128337144851685,0.3858859932279169,0.544480441149094,0.3292414375790933
Q70CQ1,O75170,0,3.7604,2.38,0.0732790902256965,0.2535214722156524,0.5949406027793884,0.4860023367756341,0.4841370582580566,0.2960838424679811,0.3824523003591774,0.07317268705126549
Q70CQ1,P08709,0,3.9775,1.85,0.8464446067810059,0.6430940628051758,0.6809811592102051,0.4549282697228358,0.5067796111106873,0.6338699913469217,0.7035869296001804,0.17752161350643028
Q70CQ1,Q9H0E7,0,2.48,2.48,0.5043566226959229,0.9668604731559752,0.5769679546356201,0.5367942605689647,0.5057424902915955,0.5822083598186195,0.6243986323566504,0.9000311838578564
Q9Y4E8,O75150,0,4.76,1.0,0.1262211501598358,0.0330057255923748,0.5773463845252991,0.4273748868918408,0.4745791554450989,0.2859749049935466,0.3023636963309307,0.02920127971673922
Q9Y4E8,O76011,0,1.85,1.85,0.0239774771034717,0.0181680209934711,0.590350866317749,0.472210318048985,0.5265510082244873,0.1782507325676608,0.4310503353186397,0.021706205699703635
Q9Y4E8,Q14525,0,2.38,2.38,0.017775509506464,0.189270332455635,0.5659051537513733,0.4142482763524552,0.5,0.4541727473577618,0.4944941697584928,0.24502365689340452
Q9Y4E8,Q14533,0,1.0,1.0,0.0182394497096538,0.7005001902580261,0.6718172430992126,0.48531850092802,0.5034278631210327,0.4947571105807135,0.3834986073547339,0.7487753865395608
Q9UK80,Q5T5X7,0,2.52,2.52,0.0329986959695816,0.2404098957777023,0.275054395198822,0.4855313961331329,0.4955075681209564,0.4340688610112254,0.5207889785829705,0.0716152430722128
Q9UK80,Q8IUH3,0,10.769596,6.8162,0.017791511490941,0.0692138001322746,0.676467776298523,0.4175350451599775,0.4820773601531982,0.4184944436286406,0.6132464422534565,0.2077696773118052
Q9UK80,Q9BZI7,0,1.85,1.85,0.0074994284659624,1.7790694982977584e-05,0.5265198945999146,0.3594942978129415,0.4833441078662872,0.0450581742248046,0.5300316279430032,0.0026957998546112815
Q9UK80,Q9Y2K6,0,3.7604,2.38,0.0979103073477745,0.0156192313879728,0.5870472192764282,0.517571156491638,0.5009322166442871,0.3915212684090155,0.5421606603613356,0.007450147780738839
Q9UK80,Q9Y5S9,0,4.79,4.79,0.0335203632712364,0.0599609166383743,0.6720890402793884,0.2833985618760922,0.4588435590267181,0.3777831624865347,0.5743744403555434,0.10610578549098056
P09936,P19013,0,1.51,1.0,0.0100227687507867,0.775475025177002,0.7321544885635376,0.4600265873625983,0.4729842245578766,0.6497782542649361,0.6977660464787279,0.6813018902979279
P09936,P23508,0,3.02,1.0,0.1450743675231933,0.0006804369040764,0.6408898234367371,0.460536127152422,0.5003454685211182,0.1745515579810161,0.752673755319501,3.4095856990670145e-05
Q8NB14,A6NHT5,0,11.4002,11.4002,0.1791102439165115,0.8888978362083435,0.6980773210525513,0.3997565876020845,0.5154778957366943,0.5302294439886426,0.5433355504131335,0.6686607523198992
O94782,P19013,0,16.8454,4.18,0.009746802970767,0.6153302788734436,0.703434944152832,0.4404515955563542,0.5162140130996704,0.4263169850516937,0.3959341822245995,0.5645891971679419
O94782,P20930,0,3.19,3.19,0.0552216209471225,0.9999265670776368,0.6478853821754456,0.4329578769294607,0.5177381634712219,0.309394075083495,0.6170573598111405,0.9999999999999831
O94782,P27482,0,2.38,2.38,0.0959151312708854,0.5586238503456116,0.5716410875320435,0.3646163878363026,0.4577058851718902,0.4556731074748026,0.647875602862717,0.22337384772939448
O94782,Q13835,0,47.1,47.1,0.7856602668762207,0.7092723846435547,0.6269034147262573,0.5649636042319653,0.503079354763031,0.5082094966459022,0.4518468355914549,0.9710091471731692
P35125,Q14CW9,0,22.03047,2.38,0.0187760163098573,0.9955246448516846,0.6832626461982727,0.397924330873481,0.4570871591567993,0.6044037242706363,0.3033378599137684,0.9987254388450578
P35125,Q99750,0,1.58,1.0,0.4589944779872894,0.9998787641525269,0.4597671031951904,0.4855185509765784,0.4899784922599792,0.6404616014413953,0.4429643536374759,0.9999375640717717
Q92995,Q9BYV6,0,7.934444,2.38,0.0258340165019035,0.0889485105872154,0.6697040796279907,0.4151924469172872,0.469645231962204,0.4556117907720281,0.5423359626997831,0.372142315109684
Q9Y6I4,Q9H496,0,1.0,1.0,0.5204692482948303,0.3783573508262634,0.8835059404373169,0.4099290728051991,0.4776597917079925,0.396219368159373,0.7651414363964206,0.6917297777415772
P51784,O95931,0,8.4915,1.85,0.0184039380401372,0.0108435479924082,0.4092470109462738,0.3278785985519519,0.4606728851795196,0.2229356817827976,0.4917971473194809,0.1191561414498428
P51784,P37231,0,73.782828,24.4314,0.4607999622821808,0.2054560184478759,0.636269211769104,0.4940817882559875,0.492522269487381,0.4693502851799533,0.6942891755265713,0.5358820355743258
P51784,P48059,0,1.0,1.0,0.8163742423057556,0.9980612397193908,0.5700365900993347,0.4458398328171911,0.4838488698005676,0.5998664496369724,0.5299806706934727,0.8964776554879624
P51784,Q9BXW4,0,1.0,1.0,0.0242569781839847,0.2920546233654022,0.6678115725517273,0.3691243463057109,0.4679412245750427,0.3768058446616478,0.5475516239667203,0.3122869460537965
P51784,Q9H0Y0,0,2.01,1.0,0.6140977144241333,0.0200054179877042,0.3472528159618377,0.4362978385343304,0.5154856443405151,0.4265603516384411,0.540112211602737,0.13522706533312662
P51784,Q9HC52,0,23.1336,2.38,0.0193934515118598,0.0105875385925173,0.5121603012084961,0.3454632784861347,0.4558785259723663,0.3930478044328654,0.5363236021429315,0.14849998362518058
P51784,Q9NR20,0,18.76392,13.797,0.5726944804191589,0.982229709625244,0.4408331215381622,0.5263049958969072,0.48505499958992,0.5086955840051822,0.6151515872855768,0.9830720622673713
P51784,Q9NRC8,0,40.981611,17.8959,0.4857780635356903,0.7044967412948608,0.638969898223877,0.4436845871380908,0.5068038105964661,0.5173334774858129,0.5502159211361977,0.11606366172929244
P51784,Q9Y463,0,16.086675,10.3785,0.6553736925125122,0.9777682423591614,0.5715776681900024,0.5578676783797547,0.5325918197631836,0.5251797931739015,0.5372594085931082,0.7142207021733814
P21580,Q13158,0,61.008696,5.54,0.7384247779846191,0.1714234203100204,0.741999626159668,0.4287783613200988,0.4715197384357452,0.3644600036173401,0.6075376982372177,0.30056103453440175
Q9UHP3,P19013,0,4.18,4.18,0.0058172727003693,0.0414105877280235,0.6448777318000793,0.4546463304142799,0.4558785259723663,0.5671145050063725,0.5545021986007674,0.27489322634408686
Q9UHP3,Q14315,0,6.3242,3.07,0.004418518859893,0.0131502067670226,0.71821528673172,0.4890748046805746,0.4868457913398742,0.3605597228153825,0.5258100143093485,1.3867856927143435e-06
Q9UHP3,Q96DA0,0,1.34,1.0,0.3612337112426758,0.2577434182167053,0.5229297280311584,0.401334880895004,0.4946710467338562,0.4674010174873428,0.5057484003956638,0.5382366932361222
Q13107,Q15118,0,5.292,2.52,0.2107502222061157,0.0824611485004425,0.626689612865448,0.3917800515243422,0.5065032839775085,0.3856506660925229,0.3904903115031112,0.20149042448335813
P54252,P29466,0,5.0794,1.0,0.65982586145401,0.1654448956251144,0.8346043825149536,0.4917560001475573,0.4623831212520599,0.5295032378253706,0.5485324769994767,0.26855522139770577
P54252,Q9BSU1,0,3.379,1.0,0.2995562851428985,0.946211874485016,0.8723058104515076,0.534514400695161,0.5121182203292847,0.5633508576140106,0.5412652502052505,0.3739620830923959
Q9UPU5,P49407,0,2.28,1.5,0.9887455105781556,0.4127392470836639,0.5567358136177063,0.5030892306029704,0.5205090641975403,0.5255469882742267,0.505496293200613,0.415987601757149
P40818,P78386,0,5.4205,1.85,0.02311447635293,0.8403270244598389,0.5495397448539734,0.4868931737930475,0.4868462979793548,0.6016965922835691,0.3011503819233599,0.8631618012660744
P40818,Q14493,0,3.5752,1.0,0.1098798438906669,0.0088643226772546,0.6336718201637268,0.345186376836182,0.4575084149837494,0.3414207644013231,0.1360130324752299,0.3004961093847637
P40818,Q15323,0,5.6736,1.97,0.0179834831506013,0.1814769357442855,0.5363608002662659,0.3768528870147511,0.4729842245578766,0.3069577161906673,0.2246621030790962,0.16910013524071482
P40818,Q96FZ7,0,3.66,1.5,0.2750828564167022,0.0186527054756879,0.7064563035964966,0.3469485891153268,0.4971560835838318,0.3574380682547042,0.0714005333768949,0.9323449346974835
Q9NQC7,O75762,0,5.6406,2.38,0.8683102130889893,0.8489532470703125,0.6203622817993164,0.5494239083460672,0.4955250024795532,0.5749382836419896,0.6757769049835698,0.9138050158191384
Q9NQC7,Q9UM82,0,24.6906,3.19,0.2185648083686828,0.0626198127865791,0.6704978346824646,0.4815579270715649,0.5254047513008118,0.4473380515909501,0.4764125623295748,0.01002124832801618
Q9P275,Q6ZN17,0,2.6398,1.97,0.0027165324427187,0.0114189200103282,0.5811617374420166,0.414388470642295,0.4741187691688537,0.4099390800672669,0.4462775471560455,0.1309987451076095
Q6R6M4,Q0WX57,0,8.6955,5.61,0.0027602778282016,0.9801051020622252,0.6650841236114502,0.5666284435501487,0.5196993350982666,0.6463099007133208,0.5226928673319846,0.8280969332278186
Q9Y5K5,Q53TQ3,0,1.0,1.0,0.0056071002036333,0.0241199377924203,0.8165851831436157,0.4972104934616588,0.5149055123329163,0.401549497610518,0.7681962957373081,0.002419690475622342
Q70EL2,Q8N5C6,0,3.19,3.19,0.9625239372253418,0.9884766340255736,0.7714459896087646,0.4884303042568978,0.4797500371932983,0.6197260073621845,0.5411679034385212,0.9916700395017316
O75604,P14555,0,3.15,3.15,0.1873020827770233,0.0257448628544807,0.5569808483123779,0.4395755205972319,0.4925679266452789,0.4404778579845718,0.5872954568378186,0.11794722881184577
O75604,P19438,0,84.34077762,14.7053,0.4655759036540985,0.791942834854126,0.673650860786438,0.6241696503674365,0.4896448850631714,0.6051062971053219,0.7626567481237848,0.05223554129531045
O75604,P36776,0,6.4464,4.08,0.2038933336734771,0.0195108596235513,0.6788256168365479,0.4220616509447766,0.4973969757556915,0.4042126581979677,0.5214751944523754,0.10959642754890543
P12956,P09086,0,1.659,1.0,0.7535192966461182,0.9996238946914672,0.7812721133232117,0.60045581103743,0.5261626243591309,0.8137569598480168,0.4775580900286335,0.9516647293562175
Q01804,Q15323,0,1.5,1.5,0.0128275044262409,0.0876477062702179,0.483728677034378,0.38926736769437,0.5002661943435669,0.3171830865306755,0.3027326944115873,0.022517102763442796
Q9H9J4,Q9BYN8,0,1.85,1.85,0.0038662860170006,0.0471271909773349,0.6906089186668396,0.307419275320199,0.4593891203403473,0.4232549358156643,0.4991220477255649,0.33799714507496
Q9H9J4,Q8N1G4,0,1.5,1.5,0.0584480799734592,0.03914400562644,0.7100009322166443,0.4490358500550848,0.5063617825508118,0.2862681952440201,0.4560631166547114,0.044891277367693994
Q9H9J4,Q9H6W3,0,4.9028,2.38,0.481531947851181,0.981734812259674,0.5622882843017578,0.530586562437356,0.4945675730705261,0.5576766047758157,0.5901541736730606,0.9982682758692495
Q53GS9,O95400,0,2.28,1.5,0.0380780771374702,0.6532598733901978,0.0503214970231056,0.463781297651246,0.4574607610702514,0.5287656854437632,0.4636760636588818,0.3504528638905163
Q8TEY7,Q13228,0,10.4076,2.52,0.0032347759697586,0.6423773765563965,0.4776110649108886,0.5048494699803107,0.5026088356971741,0.5101197576753326,0.5740445092668682,0.904585256948369
Q504Q3,P21695,0,1.97,1.97,0.8008579015731812,0.9980612397193908,0.5342996120452881,0.4617131343841487,0.4889074265956878,0.6090128975176488,0.3672407399299786,0.9962911272042235
O00487,Q8NBP7,0,6.489,3.15,0.0194692462682724,0.0070025515742599,0.5676255822181702,0.4911513663604633,0.5119129419326782,0.4109325841053631,0.4687872607265309,0.008613205565521972
O00487,Q96JH8,0,7.2759,3.07,0.7685227990150452,0.9932542443275452,0.5597036480903625,0.5332553700671674,0.491658478975296,0.5286187642773832,0.5363559732760508,0.9778961898881544
Q6GQQ9,Q8NFZ5,0,21.09,1.0,0.0011498047970235,2.1965153791825287e-05,0.0899424105882644,0.3264935166084439,0.5148559808731079,0.1353272899288525,0.5628459648637524,0.0037201341309091784
Q93008,O15169,0,36.112692,2.38,0.922277808189392,0.9959474205970764,0.7035986185073853,0.5303820283646289,0.482989490032196,0.588098305556586,0.4619583037549646,0.9915576656129779
Q9H0E7,Q13428,0,3.9184,2.48,0.8398083448410034,0.9383180141448976,0.5211173295974731,0.4143661791898354,0.4798801243305206,0.487729505875514,0.4602818617070138,0.9989795320392488
Q9UGI0,Q9NVK5,0,1.58,1.0,0.1936166584491729,0.1850110590457916,0.4549643993377685,0.3535357903044936,0.4588435590267181,0.4035931652776072,0.3052896420828256,0.3915346107321662
Q92560,O60516,0,2.52,2.52,0.1114653572440147,0.0514937900006771,0.1759199351072311,0.3536839812724492,0.4696853160858154,0.4006602143948705,0.5999915513486699,0.009336232194537329
Q92560,P52739,0,1.97,1.97,0.9437242150306702,0.0539905950427055,0.6046775579452515,0.4894036298481862,0.5218315720558167,0.3996358724231896,0.4527506639477512,0.13782788154033712
Q86T82,P02768,0,1.71,1.0,0.0084945224225521,0.0183209348469972,0.6413445472717285,0.4601180094471367,0.4929385781288147,0.4018922915178579,0.5592422181714944,0.03655885803516675
Q9Y2K6,O15049,0,1.85,1.85,0.0607921332120895,0.00542863458395,0.3090161979198456,0.4081528418689671,0.4891354143619537,0.4089199151171074,0.4796687699056304,0.001605632509314047
Q9Y2K6,Q5T9A4,0,4.9742,2.38,0.24956676363945,0.0184855498373508,0.5439562797546387,0.4381390660450397,0.5207536220550537,0.4875445283608628,0.5174309606726202,0.23683528029395082
Q70CQ3,Q8N594,0,5.2456,3.32,0.4186481833457947,0.0654614865779876,0.5471917986869812,0.5018604917959457,0.5017013549804688,0.4823380823033469,0.4835668255255404,0.21597026793012195
P46736,O75971,0,18.056346,2.38,0.1410426646471023,0.8340762257575989,0.2886018753051758,0.44902955073782,0.5125545263290405,0.3997744806401338,0.6199246101126991,0.7808979273063179
Q70EL3,P11717,0,135.352512,14.5854,0.9745689630508424,0.9999998807907104,0.7337067127227783,0.5066727924376291,0.5104168057441711,0.6100449654633152,0.6055552894796565,0.9999999981880887
Q70EL3,Q9NQ29,0,2.38,2.38,0.0390447862446308,0.5556769967079163,0.3285194039344787,0.3507943715117189,0.4944638013839721,0.3365465217338647,0.5415450921337641,0.5559131987706273
Q70EL3,P11310,0,3.2526,1.17,0.0229753050953149,0.7358931303024292,0.5554356575012207,0.434719822576595,0.4703660607337951,0.6068976973475942,0.4663856262677096,0.5170751736662857
Q93009,O00463,0,17.6733,6.57,0.8570435047149658,0.98119056224823,0.8375481963157654,0.5096367698294039,0.4955047369003296,0.6173445336956955,0.4616268603371181,0.12566751772235213
Q93009,P54253,0,5.771115,1.97,0.7918279767036438,0.9946858882904052,0.4325082302093506,0.5008618307112348,0.5262070894241333,0.5598497973800962,0.5424110006888515,0.8375846147052843
Q93009,Q15170,0,2.37,1.0,0.0804929882287979,0.5890614986419678,0.6858802437782288,0.4124440527351152,0.4662023484706878,0.450246535844177,0.4789393504603281,0.9165388330930201
Q93009,Q68CJ9,0,9.28998,2.52,0.5151932239532471,0.4006349444389343,0.5633096694946289,0.3977465755292821,0.5155088305473328,0.4039589013036398,0.3971696949467874,0.6878266550064122
Q93009,Q92611,0,19.9424,13.12,0.2488217055797577,0.8250020146369934,0.6841856241226196,0.5086623672912038,0.4750010669231415,0.6179953639574567,0.4606545078809081,0.9137342339278549
Q93009,Q9BZR9,0,4.6,1.0,0.1829132884740829,0.3898515701293945,0.6615685224533081,0.4687414604661738,0.4935966432094574,0.5,0.4638141635656373,0.09811225389929637
Q93009,Q9HBZ2,0,90.553254,17.8959,0.3550294041633606,0.0367328785359859,0.5609492063522339,0.5006938573114215,0.4904791414737701,0.4259063079949905,0.4723929285111607,0.0012565493690481022
Q93009,Q9Y496,0,5.7288,2.48,0.8175126314163208,0.0004277168482076,0.5212684273719788,0.4061506969819441,0.488714188337326,0.1748581430760088,0.4586964866018926,0.0007770220938466398
O75317,Q53GS9,0,1.0,1.0,0.0130147123709321,0.6356707215309143,0.5360503792762756,0.4917367630290953,0.5032176971435547,0.6340823193127237,0.3701528804768594,0.9084249894827755
O75317,Q8TBZ3,0,11.4002,11.4002,0.387165755033493,0.9913395047187804,0.6779268980026245,0.5011255926784409,0.516187846660614,0.5709480621800112,0.4463893240233182,0.984658368690767
O95630,P11498,0,39.6224,13.12,0.0669250860810279,0.1325304955244064,0.5256436467170715,0.4635489659811174,0.4955250024795532,0.2530244814307995,0.6160473077597292,0.1375456199164201
O95630,Q15796,0,11.8575,4.65,0.8746283054351807,0.8531365990638733,0.7938609719276428,0.6561901432277613,0.5269727110862732,0.55796766158023,0.786704412907441,0.17957406842256102
P62068,Q9BS26,0,2.8675,1.85,0.0620672032237052,0.0629137605428695,0.6725676655769348,0.3749439875605991,0.4788386821746826,0.2933695800141179,0.5160344891612372,0.10427078917713897
P62068,Q9P0U4,0,9.9864,6.57,0.4153271615505218,0.0028155327308923,0.7146845459938049,0.4208542121574766,0.5084027647972107,0.1409628581787012,0.3778011652374093,0.003965489789736902
Q5VVJ2,Q9BQA1,0,6.4464,4.08,0.2457530051469802,0.8523310422897339,0.4917279779911041,0.5057039855696158,0.4845055639743805,0.5671181707778744,0.7152999527098208,0.6405387118531713
