Sensitivity,Specificity,PPV,NPV,F1-score,AUROC,AUPRC,repeat,method
0.8280542986425339,0.460093896713615,0.6140939597315436,0.7205882352941176,0.7052023121387283,0.6858921249973446,0.679205456703026,1.0,TransDSI
0.5746606334841629,0.6619718309859155,0.6381909547738693,0.6,0.6047619047619047,0.6609733817687422,0.6781616565796464,1.0,RF
0.6425339366515838,0.6713615023474179,0.6698113207547169,0.6441441441441441,0.6558891454965358,0.6900664924691438,0.6843096000183483,1.0,XGBoost
0.5565610859728507,0.6431924882629108,0.6180904522613065,0.5829787234042553,0.5857142857142857,0.6083104964629406,0.6069769562931231,1.0,SVM
0.8099547511312217,0.38497652582159625,0.5774193548387097,0.6612903225806451,0.6741996233521658,0.5992819663076498,0.561018600695177,1.0,LR
0.8461538461538461,0.2535211267605634,0.5404624277456648,0.6136363636363636,0.6596119929453264,0.5381216408556923,0.5316803735747303,1.0,KNN
0.4796380090497738,0.6901408450704225,0.6162790697674418,0.5610687022900763,0.539440203562341,0.6000467359208037,0.6250290388411914,1.0,Ubibrowser2
0.3257918552036199,0.8403755868544601,0.6792452830188679,0.5457317073170732,0.4403669724770642,0.5855267350710598,0.6069524249948048,1.0,Ubibrowser2_domain_motif
0.5345622119815668,0.8418604651162791,0.7733333333333333,0.6418439716312057,0.6321525885558583,0.7290108241346052,0.7206113264231189,2.0,TransDSI
0.6682027649769585,0.6604651162790698,0.6651376146788991,0.6635514018691588,0.6666666666666666,0.6979744936234059,0.6976790829310233,2.0,RF
0.39631336405529954,0.8511627906976744,0.7288135593220338,0.5828025477707006,0.5134328358208956,0.6619119065480655,0.684947518070874,2.0,XGBoost
0.5668202764976958,0.6325581395348837,0.6089108910891089,0.591304347826087,0.5871121718377088,0.6143607330404028,0.6334610930050424,2.0,SVM
0.7096774193548387,0.5069767441860465,0.5923076923076923,0.6337209302325582,0.6457023060796646,0.6063230093237595,0.5606329866681528,2.0,LR
0.4930875576036866,0.6325581395348837,0.5752688172043011,0.5528455284552846,0.531017369727047,0.5627263958846854,0.5668234941874869,2.0,KNN
0.4792626728110599,0.6837209302325581,0.6046511627906976,0.5653846153846154,0.5347043701799485,0.5854892294502196,0.5842144553396509,2.0,Ubibrowser2
0.3317972350230415,0.7953488372093023,0.6206896551724138,0.5411392405063291,0.43243243243243246,0.5520951666488051,0.5634629635669754,2.0,Ubibrowser2_domain_motif
0.6636363636363637,0.6792452830188679,0.6822429906542056,0.6605504587155964,0.6728110599078341,0.7151372212692968,0.6992197302914614,3.0,TransDSI
0.5181818181818182,0.8301886792452831,0.76,0.624113475177305,0.6162162162162163,0.6843696397941681,0.7010183326880289,3.0,RF
0.4954545454545455,0.8160377358490566,0.7364864864864865,0.6091549295774648,0.5923913043478262,0.6787735849056604,0.7125247378843029,3.0,XGBoost
0.7772727272727272,0.49056603773584906,0.6129032258064516,0.6797385620915033,0.685370741482966,0.6561213550600343,0.6445027995242267,3.0,SVM
0.759090909090909,0.5047169811320755,0.6139705882352942,0.66875,0.6788617886178862,0.6173456260720411,0.5983281658665298,3.0,LR
0.6454545454545455,0.49056603773584906,0.568,0.5714285714285714,0.604255319148936,0.5647084048027444,0.568313555737469,3.0,KNN
0.5,0.7594339622641509,0.6832298136645962,0.5940959409594095,0.5774278215223096,0.6389901372212693,0.6454435690870909,3.0,Ubibrowser2
0.35454545454545455,0.8443396226415094,0.7027027027027027,0.557632398753894,0.47129909365558914,0.6139365351629503,0.6341198591980082,3.0,Ubibrowser2_domain_motif
0.6203703703703703,0.7188940092165899,0.6871794871794872,0.6554621848739496,0.6520681265206812,0.7163125106673494,0.7079931614703477,4.0,TransDSI
0.6296296296296297,0.6221198156682027,0.6238532110091743,0.627906976744186,0.6267281105990784,0.6637224782386072,0.6542742326693936,4.0,RF
0.5092592592592593,0.8341013824884793,0.7534246575342466,0.6306620209059234,0.6077348066298343,0.7144030551288616,0.7132284912343089,4.0,XGBoost
0.6296296296296297,0.6036866359447005,0.6126126126126126,0.6208530805687204,0.6210045662100455,0.6298643113159242,0.6221943165195152,4.0,SVM
0.7685185185185185,0.4976958525345622,0.6036363636363636,0.6835443037974683,0.6761710794297352,0.6375021334698754,0.5916747402382821,4.0,LR
0.4212962962962963,0.7235023041474654,0.6026490066225165,0.5567375886524822,0.49591280653950953,0.5590757808499744,0.5589853085013425,4.0,KNN
0.33796296296296297,0.8709677419354839,0.7227722772277227,0.5692771084337349,0.46056782334384855,0.6173088410991637,0.6193781376915083,4.0,Ubibrowser2
0.35648148148148145,0.8248847926267281,0.6695652173913044,0.5628930817610063,0.4652567975830815,0.6038253114866018,0.5958660530175128,4.0,Ubibrowser2_domain_motif
0.6792452830188679,0.6830357142857143,0.6697674418604651,0.6923076923076923,0.6744730679156908,0.7266256738544474,0.7094335484640777,5.0,TransDSI
0.6084905660377359,0.6785714285714286,0.6417910447761194,0.6468085106382979,0.6246973365617433,0.6734754043126685,0.656157074192516,5.0,RF
0.5801886792452831,0.6919642857142857,0.640625,0.6352459016393442,0.6089108910891089,0.6673264824797843,0.6548736695664752,5.0,XGBoost
0.6415094339622641,0.59375,0.5991189427312775,0.6363636363636364,0.6195899772209567,0.6446470687331536,0.6117846391748474,5.0,SVM
0.5754716981132075,0.7053571428571429,0.648936170212766,0.6370967741935484,0.6099999999999999,0.6572186657681941,0.5974512401245355,5.0,LR
0.6792452830188679,0.42857142857142855,0.5294117647058824,0.5853658536585366,0.5950413223140496,0.5509813005390836,0.5335392418122433,5.0,KNN
0.5,0.7410714285714286,0.6463414634146342,0.6102941176470589,0.5638297872340425,0.6344655491913747,0.6098318100187053,5.0,Ubibrowser2
0.42924528301886794,0.7633928571428571,0.6319444444444444,0.5856164383561644,0.5112359550561798,0.6109543463611861,0.5952314965934458,5.0,Ubibrowser2_domain_motif
0.6559633027522935,0.7102803738317757,0.697560975609756,0.6696035242290749,0.6761229314420804,0.7103661150647347,0.6896348556916554,6.0,TransDSI
0.46788990825688076,0.794392523364486,0.6986301369863014,0.5944055944055944,0.5604395604395606,0.6779130583897797,0.6474810827844506,6.0,RF
0.7844036697247706,0.5560747663551402,0.6428571428571429,0.7168674698795181,0.7066115702479339,0.6984052130669639,0.6576603816035009,6.0,XGBoost
0.5825688073394495,0.5887850467289719,0.5906976744186047,0.5806451612903226,0.5866050808314086,0.5979164880390979,0.6054556908593689,6.0,SVM
0.7522935779816514,0.4672897196261682,0.5899280575539568,0.6493506493506493,0.6612903225806451,0.6154076995627197,0.598979625801525,6.0,LR
0.6422018348623854,0.5,0.5668016194331984,0.5783783783783784,0.6021505376344085,0.5729872245562891,0.5572406036536298,6.0,KNN
0.4908256880733945,0.677570093457944,0.6079545454545454,0.56640625,0.5431472081218274,0.5831475606619224,0.5810277820429433,6.0,Ubibrowser2
0.3486238532110092,0.8037383177570093,0.6440677966101694,0.5477707006369427,0.4523809523809524,0.5709830232358741,0.5729736384478334,6.0,Ubibrowser2_domain_motif
0.581081081081081,0.8038277511961722,0.7588235294117647,0.6436781609195402,0.6581632653061223,0.7443424285529548,0.753856331362048,7.0,TransDSI
0.7702702702702703,0.507177033492823,0.6240875912408759,0.6751592356687898,0.689516129032258,0.6897495581706108,0.7030269633329479,7.0,RF
0.5135135135135135,0.7703349282296651,0.7037037037037037,0.5985130111524164,0.59375,0.6878960300012932,0.6825044026198117,7.0,XGBoost
0.7747747747747747,0.4354066985645933,0.593103448275862,0.6453900709219859,0.671875,0.6195848959006853,0.6089902530630389,7.0,SVM
0.8153153153153153,0.3684210526315789,0.5782747603833865,0.652542372881356,0.6766355140186916,0.6083882925988189,0.5884209217563287,7.0,LR
0.6981981981981982,0.4354066985645933,0.5677655677655677,0.5759493670886076,0.6262626262626263,0.5680093969567654,0.5716442111475852,7.0,KNN
0.49099099099099097,0.69377990430622,0.630057803468208,0.562015503875969,0.5518987341772152,0.6175912754860122,0.6444957493309162,7.0,Ubibrowser2
0.4954954954954955,0.645933014354067,0.5978260869565217,0.5465587044534413,0.541871921182266,0.5820293978188715,0.6053917966797101,7.0,Ubibrowser2_domain_motif
0.5642201834862385,0.8027522935779816,0.7409638554216867,0.6481481481481481,0.6406249999999999,0.7176374042589007,0.7069224840263003,8.0,TransDSI
0.44954128440366975,0.8348623853211009,0.7313432835820896,0.6026490066225165,0.5568181818181818,0.6741435906068513,0.6816091404419119,8.0,RF
0.5504587155963303,0.7660550458715596,0.7017543859649122,0.630188679245283,0.6169665809768637,0.6992361754061107,0.6963948793259823,8.0,XGBoost
0.3853211009174312,0.7935779816513762,0.6511627906976745,0.5635179153094463,0.4841498559077809,0.5955412002356704,0.5898427589907163,8.0,SVM
0.8532110091743119,0.3853211009174312,0.58125,0.7241379310344828,0.6914498141263941,0.6449372948405017,0.6169605842885004,8.0,LR
0.2018348623853211,0.8761467889908257,0.6197183098591549,0.5232876712328767,0.3044982698961938,0.5300900597592795,0.543529823504982,8.0,KNN
0.4908256880733945,0.7568807339449541,0.66875,0.5978260869565217,0.5661375661375662,0.6347214039222288,0.6251000056675047,8.0,Ubibrowser2
0.3440366972477064,0.8348623853211009,0.6756756756756757,0.56,0.4559270516717325,0.6001809611985522,0.5932423311646114,8.0,Ubibrowser2_domain_motif
0.5871559633027523,0.7440758293838863,0.7032967032967034,0.6356275303643725,0.64,0.7002913170137832,0.695413700775916,9.0,TransDSI
0.5825688073394495,0.6872037914691943,0.6580310880829016,0.614406779661017,0.6180048661800487,0.6689421279186051,0.6674433911664344,9.0,RF
0.573394495412844,0.7393364928909952,0.6944444444444444,0.6265060240963856,0.6281407035175879,0.6974324970650898,0.6860051494834933,9.0,XGBoost
0.41743119266055045,0.8104265402843602,0.6946564885496184,0.5738255033557047,0.5214899713467049,0.6117439888690812,0.6406938853668784,9.0,SVM
0.6146788990825688,0.5497630331753555,0.5851528384279476,0.58,0.5995525727069352,0.5931997043349712,0.5647903122503191,9.0,LR
0.41743119266055045,0.7109004739336493,0.5986842105263158,0.5415162454873647,0.4918918918918919,0.5746988999521718,0.5861177771974162,9.0,KNN
0.4541284403669725,0.6682464454976303,0.5857988165680473,0.5423076923076923,0.5116279069767442,0.5602852297925998,0.5748437771993686,9.0,Ubibrowser2
0.3394495412844037,0.7535545023696683,0.5873015873015873,0.5247524752475248,0.43023255813953487,0.5514696291143093,0.5683072927376829,9.0,Ubibrowser2_domain_motif
0.783410138248848,0.5924170616113744,0.6640625,0.7267441860465116,0.718816067653277,0.7283071614213641,0.7076142609344029,10.0,TransDSI
0.6728110599078341,0.5781990521327014,0.6212765957446809,0.6321243523316062,0.6460176991150443,0.6628300609343263,0.6651773683023594,10.0,RF
0.5852534562211982,0.6919431279620853,0.6614583333333334,0.6186440677966102,0.6210268948655258,0.6856312927250092,0.6959048672949903,10.0,XGBoost
0.6682027649769585,0.5781990521327014,0.6196581196581197,0.6288659793814433,0.6430155210643015,0.627951165177889,0.6266267652557191,10.0,SVM
0.5622119815668203,0.6350710900473934,0.6130653266331658,0.5851528384279476,0.5865384615384615,0.5951034136326905,0.5898765226862872,10.0,LR
0.4976958525345622,0.6303317535545023,0.5806451612903226,0.5495867768595041,0.5359801488833748,0.5639592023936925,0.573099708742089,10.0,KNN
0.48847926267281105,0.6966824644549763,0.6235294117647059,0.5697674418604651,0.5478036175710596,0.6071264769476051,0.6121710716009081,10.0,Ubibrowser2
0.41935483870967744,0.7156398104265402,0.6026490066225165,0.5451263537906137,0.49456521739130427,0.5773036014589293,0.5803834812353401,10.0,Ubibrowser2_domain_motif
0.7476635514018691,0.6090909090909091,0.6504065040650406,0.7127659574468085,0.6956521739130435,0.7126805437553102,0.6930860459252989,11.0,TransDSI
0.5467289719626168,0.7181818181818181,0.6536312849162011,0.6196078431372549,0.5954198473282443,0.6779311809685641,0.6619795657254663,11.0,RF
0.6682242990654206,0.6227272727272727,0.6327433628318584,0.6586538461538461,0.65,0.69035683942226,0.66311367644577,11.0,XGBoost
0.7009345794392523,0.5045454545454545,0.5791505791505791,0.6342857142857142,0.6342494714587738,0.6157073067119796,0.5955139412760211,11.0,SVM
0.7149532710280374,0.4818181818181818,0.5730337078651685,0.6347305389221557,0.6361746361746361,0.6123194562446899,0.572170074057774,11.0,LR
0.37850467289719625,0.7181818181818181,0.5664335664335665,0.5429553264604811,0.453781512605042,0.5364273576890399,0.5307802317006128,11.0,KNN
0.48598130841121495,0.7636363636363637,0.6666666666666666,0.60431654676259,0.5621621621621622,0.6311491079014443,0.6071766543731768,11.0,Ubibrowser2
0.42990654205607476,0.7454545454545455,0.6216216216216216,0.5734265734265734,0.5082872928176796,0.5985556499575191,0.5737855945838024,11.0,Ubibrowser2_domain_motif
0.6322869955156951,0.7264150943396226,0.7085427135678392,0.652542372881356,0.6682464454976303,0.7122853033251544,0.6791036326680203,12.0,TransDSI
0.48878923766816146,0.8018867924528302,0.7218543046357616,0.5985915492957746,0.5828877005347595,0.6867120737795076,0.6782031121699308,12.0,RF
0.5964125560538116,0.6981132075471698,0.6751269035532995,0.6218487394957983,0.6333333333333333,0.6891340214908199,0.6862167221857396,12.0,XGBoost
0.547085201793722,0.6132075471698113,0.5980392156862745,0.5627705627705628,0.5714285714285714,0.6055398087824689,0.6029758073036267,12.0,SVM
0.6457399103139013,0.5754716981132075,0.6153846153846154,0.6069651741293532,0.6301969365426695,0.6249048142820881,0.6245458903470504,12.0,LR
0.8565022421524664,0.24056603773584906,0.5426136363636364,0.6144578313253012,0.6643478260869565,0.555165411625349,0.5701752300119116,12.0,KNN
0.4798206278026906,0.7075471698113207,0.6331360946745562,0.5639097744360902,0.5459183673469388,0.5970577036974363,0.5988414206905398,12.0,Ubibrowser2
0.6322869955156951,0.5094339622641509,0.5755102040816327,0.5684210526315789,0.6025641025641025,0.5848845079956003,0.5873327567931045,12.0,Ubibrowser2_domain_motif
0.593607305936073,0.7616822429906542,0.7182320441988951,0.6468253968253969,0.65,0.7072291213246278,0.6876614873369647,13.0,TransDSI
0.6255707762557078,0.616822429906542,0.6255707762557078,0.616822429906542,0.6255707762557078,0.6310331583664063,0.6313516129597333,13.0,RF
0.5662100456621004,0.705607476635514,0.6631016042780749,0.6138211382113821,0.6108374384236454,0.6617910638842657,0.6455604630413542,13.0,XGBoost
0.7168949771689498,0.46261682242990654,0.5772058823529411,0.6149068322981367,0.639511201629328,0.6088955746169932,0.6049655936974703,13.0,SVM
0.7808219178082192,0.4439252336448598,0.5896551724137931,0.6643356643356644,0.6719056974459724,0.6280245807194981,0.618441463102497,13.0,LR
0.4977168949771689,0.6728971962616822,0.6089385474860335,0.5669291338582677,0.5477386934673366,0.5727606367089149,0.5769579510136083,13.0,KNN
0.4931506849315068,0.6542056074766355,0.5934065934065934,0.5577689243027888,0.5386533665835411,0.5745316434088678,0.5859123270114437,13.0,Ubibrowser2
0.502283105022831,0.6121495327102804,0.5699481865284974,0.5458333333333333,0.5339805825242719,0.5588486322707293,0.5533139152592506,13.0,Ubibrowser2_domain_motif
0.740909090909091,0.631578947368421,0.6791666666666667,0.6984126984126984,0.7086956521739132,0.7155284906481079,0.708309584218188,14.0,TransDSI
0.6318181818181818,0.6650717703349283,0.6650717703349283,0.6318181818181818,0.6480186480186481,0.6845802522836015,0.6932236795452652,14.0,RF
0.7227272727272728,0.5454545454545454,0.6259842519685039,0.6514285714285715,0.6708860759493671,0.6701826881252718,0.6719963989567959,14.0,XGBoost
0.5909090909090909,0.6076555023923444,0.6132075471698113,0.5852534562211982,0.601851851851852,0.6256850804697695,0.641397207122828,14.0,SVM
0.7181818181818181,0.583732057416268,0.6448979591836734,0.6630434782608695,0.6795698924731183,0.6418007829491084,0.6306936112275667,14.0,LR
0.6545454545454545,0.46411483253588515,0.5625,0.5606936416184971,0.6050420168067226,0.5508481948673337,0.5641486217438436,14.0,KNN
0.4954545454545455,0.69377990430622,0.630057803468208,0.56640625,0.5547073791348601,0.6093518921270118,0.6079684325270823,14.0,Ubibrowser2
0.35909090909090907,0.8181818181818182,0.6752136752136753,0.5480769230769231,0.4688427299703264,0.5956176598521096,0.6006808750910434,14.0,Ubibrowser2_domain_motif
0.7601809954751131,0.6009389671361502,0.6640316205533597,0.7071823204419889,0.7088607594936709,0.7101948038153506,0.724318634218518,15.0,TransDSI
0.45701357466063347,0.8450704225352113,0.753731343283582,0.6,0.5690140845070423,0.6885263314426529,0.6936198475643687,15.0,RF
0.583710407239819,0.7370892018779343,0.6972972972972973,0.6305220883534136,0.6354679802955664,0.7087714825908695,0.7020758380497792,15.0,XGBoost
0.6244343891402715,0.596244131455399,0.6160714285714286,0.6047619047619047,0.6202247191011236,0.6084485798653154,0.6088183888347949,15.0,SVM
0.7692307692307693,0.4647887323943662,0.5985915492957746,0.66,0.6732673267326733,0.6207380026766935,0.5755380236831784,15.0,LR
0.31221719457013575,0.7887323943661971,0.6052631578947368,0.525,0.41194029850746267,0.5358698192169609,0.5312312836824848,15.0,KNN
0.4841628959276018,0.7370892018779343,0.656441717791411,0.5793357933579336,0.5572916666666666,0.6035200645805452,0.6028369699527557,15.0,Ubibrowser2
0.48868778280542985,0.6572769953051644,0.5966850828729282,0.5533596837944664,0.5373134328358209,0.5687442907824017,0.573246179977891,15.0,Ubibrowser2_domain_motif
0.6009174311926605,0.7677725118483413,0.7277777777777777,0.6506024096385542,0.6582914572864321,0.7301404408887343,0.731833438072365,16.0,TransDSI
0.4908256880733945,0.8009478672985783,0.7181208053691275,0.6035714285714285,0.5831062670299727,0.6838340797425975,0.686365084312891,16.0,RF
0.44954128440366975,0.8720379146919431,0.784,0.6052631578947368,0.5714285714285715,0.7229988260359146,0.7416437159661993,16.0,XGBoost
0.536697247706422,0.7582938388625592,0.6964285714285714,0.6130268199233716,0.6062176165803109,0.6683986260272186,0.6452473110894263,16.0,SVM
0.7431192660550459,0.5402843601895735,0.6254826254826255,0.6705882352941176,0.679245283018868,0.6514196269403019,0.6166621883057845,16.0,LR
0.5137614678899083,0.6966824644549763,0.6363636363636364,0.5810276679841897,0.5685279187817259,0.6190703943649724,0.6288137052789395,16.0,KNN
0.6146788990825688,0.5734597156398105,0.5982142857142857,0.5902439024390244,0.6063348416289592,0.6115265881125267,0.6197259570633755,16.0,Ubibrowser2
0.3440366972477064,0.8293838862559242,0.6756756756756757,0.550314465408805,0.4559270516717325,0.5985368929083873,0.6086666467187201,16.0,Ubibrowser2_domain_motif
0.6711711711711712,0.7523809523809524,0.7412935323383084,0.683982683982684,0.7044917257683215,0.7354997854997856,0.7296143659047158,17.0,TransDSI
0.6081081081081081,0.6714285714285714,0.6617647058823529,0.618421052631579,0.6338028169014084,0.6913770913770914,0.7116169077211982,17.0,RF
0.5225225225225225,0.8095238095238095,0.7435897435897436,0.6159420289855072,0.6137566137566137,0.6986915486915487,0.6968252163798485,17.0,XGBoost
0.4009009009009009,0.8,0.6793893129770993,0.5581395348837209,0.5042492917847026,0.6175568425568425,0.6135554641984614,17.0,SVM
0.6981981981981982,0.5952380952380952,0.6458333333333334,0.6510416666666666,0.670995670995671,0.6403474903474904,0.6171410367710508,17.0,LR
0.5855855855855856,0.5142857142857142,0.5603448275862069,0.54,0.5726872246696035,0.5514371514371514,0.5601548948122428,17.0,KNN
0.481981981981982,0.7571428571428571,0.6772151898734177,0.5802919708029197,0.5631578947368421,0.6210531960531961,0.6115067880686814,17.0,Ubibrowser2
0.4954954954954955,0.6666666666666666,0.6111111111111112,0.5555555555555556,0.5472636815920398,0.5973509223509224,0.600946358862165,17.0,Ubibrowser2_domain_motif
0.7227272727272728,0.5794392523364486,0.6385542168674698,0.6702702702702703,0.6780383795309168,0.6800127442650807,0.6674321723283122,18.0,TransDSI
0.4727272727272727,0.7710280373831776,0.6797385620915033,0.5871886120996441,0.5576407506702413,0.6519328802039082,0.6385423467029465,18.0,RF
0.6545454545454545,0.6308411214953271,0.6457399103139013,0.6398104265402843,0.6501128668171559,0.6562234494477486,0.6334546934569293,18.0,XGBoost
0.36363636363636365,0.8084112149532711,0.6611570247933884,0.5527156549520766,0.469208211143695,0.603249787595582,0.5928613901643429,18.0,SVM
0.7227272727272728,0.5233644859813084,0.6091954022988506,0.6473988439306358,0.661122661122661,0.6059898045879354,0.5609121784308679,18.0,LR
0.6545454545454545,0.4439252336448598,0.5475285171102662,0.5555555555555556,0.5962732919254659,0.539570943075616,0.5244241460533335,18.0,KNN
0.4772727272727273,0.6728971962616822,0.6,0.555984555984556,0.5316455696202532,0.5910471537807986,0.5945028559717846,18.0,Ubibrowser2
0.35909090909090907,0.794392523364486,0.6422764227642277,0.5466237942122186,0.4606413994169096,0.5712723024638913,0.5852169010616902,18.0,Ubibrowser2_domain_motif
0.7454545454545455,0.5849056603773585,0.6507936507936508,0.6888888888888889,0.6949152542372882,0.6995711835334477,0.6882618856039906,19.0,TransDSI
0.7363636363636363,0.5377358490566038,0.6230769230769231,0.6627906976744186,0.675,0.6752572898799314,0.6751275208468708,19.0,RF
0.7045454545454546,0.6132075471698113,0.6540084388185654,0.6666666666666666,0.6783369803063457,0.6932783018867924,0.7032278490736802,19.0,XGBoost
0.6,0.6650943396226415,0.6502463054187192,0.6157205240174672,0.624113475177305,0.6608919382504288,0.6802069062394577,19.0,SVM
0.5545454545454546,0.6650943396226415,0.6321243523316062,0.5899581589958159,0.5907990314769975,0.6189322469982848,0.5947539488432514,19.0,LR
0.41818181818181815,0.7028301886792453,0.5935483870967742,0.5379061371841155,0.4906666666666666,0.5692109777015437,0.5834753803907692,19.0,KNN
0.5,0.7311320754716981,0.6586826347305389,0.5849056603773585,0.5684754521963824,0.6295990566037736,0.6366052650380876,19.0,Ubibrowser2
0.34545454545454546,0.8490566037735849,0.7037037037037037,0.5555555555555556,0.4634146341463415,0.601222126929674,0.6109297271999987,19.0,Ubibrowser2_domain_motif
0.6650943396226415,0.7207207207207207,0.6945812807881774,0.6926406926406926,0.6795180722891566,0.7249277579466259,0.7007901994258552,20.0,TransDSI
0.49056603773584906,0.8423423423423423,0.7482014388489209,0.6338983050847458,0.5925925925925926,0.6952022777494475,0.67621849964219,20.0,RF
0.7783018867924528,0.5225225225225225,0.6088560885608856,0.7116564417177914,0.6832298136645962,0.7056455039945606,0.6685209951629064,20.0,XGBoost
0.6933962264150944,0.5855855855855856,0.6150627615062761,0.6666666666666666,0.6518847006651886,0.6543430222675506,0.6295012167181827,20.0,SVM
0.5377358490566038,0.7567567567567568,0.6785714285714286,0.631578947368421,0.6,0.6776304606493285,0.638940743732938,20.0,LR
0.44339622641509435,0.6711711711711712,0.562874251497006,0.5580524344569289,0.49604221635883905,0.5536503484616693,0.5346512030578973,20.0,KNN
0.49056603773584906,0.7117117117117117,0.6190476190476191,0.5939849624060151,0.5473684210526316,0.613260666326704,0.5935588041707212,20.0,Ubibrowser2
0.3584905660377358,0.8243243243243243,0.6608695652173913,0.5736677115987461,0.4648318042813456,0.590281319054904,0.5725407311438231,20.0,Ubibrowser2_domain_motif
0.5781990521327014,0.7828054298642534,0.7176470588235294,0.6603053435114504,0.6404199475065616,0.7006712272951471,0.6903638745517102,21.0,TransDSI
0.46445497630331756,0.7782805429864253,0.6666666666666666,0.6035087719298246,0.547486033519553,0.6484313010658145,0.6224872260025682,21.0,RF
0.5592417061611374,0.7104072398190046,0.6483516483516484,0.628,0.6005089058524172,0.6676352640947009,0.6450141285543293,21.0,XGBoost
0.4597156398104265,0.751131221719457,0.6381578947368421,0.5928571428571429,0.534435261707989,0.6078574338959062,0.6127348105716258,21.0,SVM
0.5402843601895735,0.6199095022624435,0.5757575757575758,0.5854700854700855,0.5574572127139366,0.587141601080826,0.5478137648582355,21.0,LR
0.6445497630331753,0.4434389140271493,0.525096525096525,0.5664739884393064,0.5787234042553192,0.5332718577770152,0.5097803363079187,21.0,KNN
0.6445497630331753,0.5339366515837104,0.5690376569037657,0.6113989637305699,0.6044444444444443,0.6160386867105574,0.5988099779683349,21.0,Ubibrowser2
0.35071090047393366,0.8099547511312217,0.6379310344827587,0.5664556962025317,0.45259938837920494,0.5975960198151443,0.5856299394805361,21.0,Ubibrowser2_domain_motif
0.6792452830188679,0.6409090909090909,0.6457399103139013,0.6746411483253588,0.6620689655172414,0.6788164665523156,0.6387952988529222,22.0,TransDSI
0.6320754716981132,0.6272727272727273,0.6203703703703703,0.6388888888888888,0.6261682242990654,0.6632933104631218,0.6212620169914065,22.0,RF
0.7783018867924528,0.4909090909090909,0.5956678700361011,0.6967741935483871,0.6748466257668712,0.6652229845626072,0.6307408428946035,22.0,XGBoost
0.5094339622641509,0.7045454545454546,0.6242774566473989,0.5984555984555985,0.561038961038961,0.6119639794168097,0.601131198405553,22.0,SVM
0.5849056603773585,0.6454545454545455,0.6138613861386139,0.6173913043478261,0.5990338164251208,0.6203687821612349,0.5759556041235167,22.0,LR
0.3490566037735849,0.7545454545454545,0.578125,0.5460526315789473,0.4352941176470588,0.5457975986277874,0.5398628510051976,22.0,KNN
0.5141509433962265,0.7090909090909091,0.630057803468208,0.6023166023166023,0.5662337662337662,0.6197255574614065,0.6001291663811903,22.0,Ubibrowser2
0.5047169811320755,0.6590909090909091,0.5879120879120879,0.58,0.5431472081218275,0.5849056603773586,0.5646834157888051,22.0,Ubibrowser2_domain_motif
0.6944444444444444,0.6451612903225806,0.6607929515418502,0.6796116504854369,0.6772009029345373,0.7031916709336063,0.6782118328778577,23.0,TransDSI
0.7916666666666666,0.4792626728110599,0.602112676056338,0.697986577181208,0.684,0.683137054104796,0.6668293802861823,23.0,RF
0.5972222222222222,0.695852534562212,0.6615384615384615,0.634453781512605,0.6277372262773723,0.6721283495477044,0.67426698441877,23.0,XGBoost
0.5601851851851852,0.6774193548387096,0.6335078534031413,0.6074380165289256,0.5945945945945946,0.6424731182795699,0.6226820128601795,23.0,SVM
0.6296296296296297,0.6359447004608295,0.6325581395348837,0.6330275229357798,0.6310904872389791,0.6360087045570915,0.5881272236253193,23.0,LR
0.6064814814814815,0.4700460829493088,0.532520325203252,0.5454545454545454,0.5670995670995671,0.5283324799453831,0.5175444999581735,23.0,KNN
0.47685185185185186,0.6912442396313364,0.6058823529411764,0.5703422053231939,0.533678756476684,0.5942140296979007,0.6008249326927211,23.0,Ubibrowser2
0.3425925925925926,0.815668202764977,0.6491228070175439,0.554858934169279,0.44848484848484854,0.5848907663423792,0.5913261533024832,23.0,Ubibrowser2_domain_motif
0.7534883720930232,0.7018348623853211,0.7136563876651982,0.7427184466019418,0.7330316742081449,0.7576274802645615,0.7449958315095759,24.0,TransDSI
0.7255813953488373,0.6100917431192661,0.6473029045643154,0.6927083333333334,0.6842105263157895,0.7079368465969702,0.6899220400766658,24.0,RF
0.7023255813953488,0.6238532110091743,0.648068669527897,0.68,0.6741071428571429,0.711094516748453,0.697831206399556,24.0,XGBoost
0.8,0.43119266055045874,0.581081081081081,0.6861313868613139,0.6731898238747553,0.6438340089609558,0.6320495298761792,24.0,SVM
0.5906976744186047,0.6926605504587156,0.654639175257732,0.6317991631799164,0.6210268948655258,0.6593983358224876,0.6240692023198662,24.0,LR
0.49767441860465117,0.6376146788990825,0.5752688172043011,0.562753036437247,0.5336658354114714,0.5708768935353105,0.5606685467038548,24.0,KNN
0.4883720930232558,0.7385321100917431,0.6481481481481481,0.5940959409594095,0.5570291777188329,0.6181352677618945,0.6084340318280097,24.0,Ubibrowser2
0.49767441860465117,0.6697247706422018,0.5977653631284916,0.5748031496062992,0.5431472081218275,0.5900682739492212,0.5822904075468954,24.0,Ubibrowser2_domain_motif
0.5915492957746479,0.7612612612612613,0.7039106145251397,0.66015625,0.6428571428571428,0.7088990398849554,0.6927266077205657,25.0,TransDSI
0.6197183098591549,0.6486486486486487,0.6285714285714286,0.64,0.6241134751773049,0.6441441441441441,0.6335937115583006,25.0,RF
0.6713615023474179,0.6531531531531531,0.65,0.6744186046511628,0.6605080831408776,0.7002918411369116,0.6885918892792461,25.0,XGBoost
0.41784037558685444,0.7432432432432432,0.6095890410958904,0.5709342560553633,0.49582172701949856,0.5868756080023686,0.5833492676297779,25.0,SVM
0.647887323943662,0.47297297297297297,0.5411764705882353,0.5833333333333334,0.5897435897435898,0.5455737427568415,0.5155490929940365,25.0,LR
0.5868544600938967,0.5,0.5296610169491526,0.5577889447236181,0.556792873051225,0.5244364082392251,0.5223411154538422,25.0,KNN
0.47417840375586856,0.7027027027027027,0.6047904191616766,0.582089552238806,0.531578947368421,0.6053694539610034,0.6091566249898476,25.0,Ubibrowser2
0.323943661971831,0.8108108108108109,0.6216216216216216,0.5555555555555556,0.42592592592592593,0.5664890242355032,0.574436409614526,25.0,Ubibrowser2_domain_motif
0.6898148148148148,0.6605504587155964,0.6681614349775785,0.6824644549763034,0.6788154897494305,0.7276588515120624,0.6865914482335261,26.0,TransDSI
0.5462962962962963,0.7660550458715596,0.6982248520710059,0.630188679245283,0.612987012987013,0.6942533129459736,0.6840688143954649,26.0,RF
0.5092592592592593,0.7981651376146789,0.7142857142857143,0.6214285714285714,0.5945945945945946,0.685079001019368,0.6794603964210333,26.0,XGBoost
0.6435185185185185,0.6697247706422018,0.6587677725118484,0.6547085201793722,0.6510538641686182,0.6494435949711179,0.6203644001856423,26.0,SVM
0.7638888888888888,0.518348623853211,0.6111111111111112,0.6890243902439024,0.6790123456790124,0.6622281685355079,0.625210824263825,26.0,LR
0.5694444444444444,0.6192660550458715,0.5970873786407767,0.5921052631578947,0.5829383886255923,0.5988999320421339,0.5693528521904242,26.0,KNN
0.4722222222222222,0.7522935779816514,0.6538461538461539,0.5899280575539568,0.5483870967741936,0.6370519028202516,0.6322127526777119,26.0,Ubibrowser2
0.4861111111111111,0.6834862385321101,0.603448275862069,0.573076923076923,0.5384615384615384,0.6099537037037037,0.6070476688284906,26.0,Ubibrowser2_domain_motif
0.7336448598130841,0.6064814814814815,0.6487603305785123,0.6968085106382979,0.6885964912280701,0.704698857736241,0.6681235666717537,27.0,TransDSI
0.8317757009345794,0.49537037037037035,0.6202090592334495,0.7482517482517482,0.7105788423153693,0.7094366562824508,0.6844964938519943,27.0,RF
0.5420560747663551,0.7592592592592593,0.6904761904761905,0.6259541984732825,0.607329842931937,0.694163205261336,0.6633687655365226,27.0,XGBoost
0.4766355140186916,0.7546296296296297,0.6580645161290323,0.5927272727272728,0.5528455284552846,0.6304084458290066,0.6415831924289879,27.0,SVM
0.6869158878504673,0.5509259259259259,0.6024590163934426,0.6397849462365591,0.6419213973799126,0.6145725164416753,0.5839529377013348,27.0,LR
0.5327102803738317,0.6296296296296297,0.5876288659793815,0.576271186440678,0.5588235294117647,0.5819920387677397,0.5698121818360606,27.0,KNN
0.6355140186915887,0.5231481481481481,0.5690376569037657,0.5916230366492147,0.6004415011037527,0.5931009865005192,0.5724954104034464,27.0,Ubibrowser2
0.3364485981308411,0.7777777777777778,0.6,0.5419354838709678,0.4311377245508982,0.563322083766009,0.5564825043902595,27.0,Ubibrowser2_domain_motif
0.6517857142857143,0.6889952153110048,0.6919431279620853,0.6486486486486487,0.671264367816092,0.7030288790157211,0.7088513201758624,28.0,TransDSI
0.7142857142857143,0.5550239234449761,0.6324110671936759,0.6444444444444445,0.6708595387840671,0.6578092959671907,0.6680830234296855,28.0,RF
0.5892857142857143,0.7272727272727273,0.6984126984126984,0.6229508196721312,0.6392251815980631,0.6820638243335613,0.6627048308659453,28.0,XGBoost
0.5803571428571429,0.722488038277512,0.6914893617021277,0.6163265306122448,0.6310679611650486,0.6603511619958988,0.6610725886103945,28.0,SVM
0.5714285714285714,0.6076555023923444,0.6095238095238096,0.5695067264573991,0.5898617511520737,0.6031271360218728,0.5852655466666169,28.0,LR
0.7232142857142857,0.41626794258373206,0.5704225352112676,0.5838926174496645,0.6377952755905512,0.5825145249487355,0.5949717247570074,28.0,KNN
0.4955357142857143,0.6985645933014354,0.6379310344827587,0.5637065637065637,0.5577889447236182,0.5997842617908408,0.6178445762454199,28.0,Ubibrowser2
0.35714285714285715,0.7703349282296651,0.625,0.5278688524590164,0.45454545454545453,0.5681711380724539,0.5826875966912767,28.0,Ubibrowser2_domain_motif
0.7363636363636363,0.6511627906976745,0.6835443037974683,0.7070707070707071,0.7089715536105032,0.7334038054968288,0.721635498568212,29.0,TransDSI
0.5772727272727273,0.7627906976744186,0.7134831460674157,0.6381322957198443,0.6381909547738693,0.7069767441860465,0.7202052366590203,29.0,RF
0.6681818181818182,0.6790697674418604,0.6805555555555556,0.6666666666666666,0.6743119266055047,0.7111310782241014,0.704813579004484,29.0,XGBoost
0.6181818181818182,0.6046511627906976,0.6153846153846154,0.6074766355140186,0.6167800453514739,0.6182029598308667,0.6147747782621248,29.0,SVM
0.6318181818181818,0.5488372093023256,0.5889830508474576,0.592964824120603,0.6096491228070176,0.6079492600422832,0.5968554243184618,29.0,LR
0.6954545454545454,0.4046511627906977,0.5444839857651246,0.564935064935065,0.6107784431137725,0.5514059196617336,0.5559850487104819,29.0,KNN
0.4681818181818182,0.7534883720930232,0.6602564102564102,0.5806451612903226,0.5478723404255319,0.6364799154334039,0.6527431643349235,29.0,Ubibrowser2
0.36363636363636365,0.8325581395348837,0.6896551724137931,0.5611285266457681,0.47619047619047616,0.6082980972515856,0.6284881341259678,29.0,Ubibrowser2_domain_motif
0.7488372093023256,0.6192660550458715,0.6598360655737705,0.7142857142857143,0.701525054466231,0.7206101984211649,0.7097930209821095,30.0,TransDSI
0.7255813953488373,0.5458715596330275,0.611764705882353,0.6685393258426966,0.6638297872340425,0.6733091529763175,0.6529922506610767,30.0,RF
0.8232558139534883,0.42201834862385323,0.5841584158415841,0.7076923076923077,0.6833976833976834,0.6615745679539151,0.6624654289710776,30.0,XGBoost
0.6093023255813953,0.6926605504587156,0.6616161616161617,0.6425531914893617,0.6343825665859564,0.6548111798591849,0.6312456281166363,30.0,SVM
0.7488372093023256,0.5229357798165137,0.6075471698113207,0.6785714285714286,0.6708333333333333,0.6538510774482611,0.6176971856040792,30.0,LR
0.4186046511627907,0.7339449541284404,0.6081081081081081,0.5614035087719298,0.4958677685950413,0.5674205248559847,0.5469306229084054,30.0,KNN
0.4883720930232558,0.7201834862385321,0.6325301204819277,0.5880149812734082,0.5511811023622047,0.6343716663110732,0.6244129588742271,30.0,Ubibrowser2
0.49767441860465117,0.6743119266055045,0.601123595505618,0.5764705882352941,0.5445292620865141,0.5959995732878174,0.5845365606921235,30.0,Ubibrowser2_domain_motif
